New York	9/11 Memorial
New York	Manhattan
New York	Brooklyn
New York	Queens
New York	African Burial Ground
New York	Alice Tully Hall
New York	Alma Mater Statue
New York	American Folk Art Museum
New York	American Radiator Building
New York	Apollo Theater
New York	Appellate Court
New York	Astor Place
New York	Audubon Terrace
New York	Avery Fisher Hall
New York	Bailey Fountain
New York	Barclays Center
New York	Battery Park
New York	Battery Park City
New York	Belvedere Castle
New York	Bethesda Terrace
New York	Bowling Green
New York	Brooklyn Borough Hall
New York	Brooklyn Botanic Garden
New York	Brooklyn Bridge
New York	Brooklyn Bridge Park
New York	Brooklyn Heights
New York	Brooklyn Heights Promenade
New York	Brooklyn Museum
New York	Brooklyn Public Library
New York	Bryant Park
New York	Butler Library
New York	Carl Schurz Park
New York	Carnegie Hall
New York	Castle Clinton
New York	Cathedral of St. John the Divine
New York	Central Park
New York	Central Synagogue
New York	Chanin Building
New York	Charging Bull
New York	Chess and Checkers House
New York	Chinatown
New York	Chrysler Building
New York	Church of the Intercession
New York	Church of the Transfiguration
New York	Citigroup Center
New York	Citizens' Savings Bank Building
New York	City Hall
New York	City Hall Park
New York	Cleopatra's Needle
New York	Colonnade Row
New York	Columbia University
New York	Columbus Circle
New York	Columbus Park
New York	Coney Island
New York	Confusius Statue
New York	Conservatory Garden
New York	Cooper Square
New York	Cooper Union
New York	Daily News Building
New York	Delacorte Theater
New York	East Coast War Memorial
New York	El Cid Campeador
New York	Ellis Island
New York	Empire Diner
New York	Empire State Building
New York	Federal Hall
New York	Federal Reserve Bank
New York	Fifth Avenue Apple Store
New York	Fifth Avenue
New York	Firemen's Memorial
New York	Flatiron Building
New York	Foley Square
New York	Ford Foundation Building
New York	Fort Tryon Park
New York	Franklin D. Roosevelt Four Freedoms Park
New York	Fraunces Tavern Museum
New York	Frick Collection
New York	General Post Office
New York	George Washington Bridge
New York	Gramercy Park
New York	Grand Army Plaza
New York	Grand Central Terminal
New York	Grant's Tomb
New York	Greeley Square
New York	Greenacre Park
New York	Green-Wood Cemetery
New York	Green-Wood Chapel
New York	Guggenheim Museum
New York	Haughwout Building
New York	Herald Square
New York	High Line
New York	Hotel Chelsea
New York	Huang Da Xian Temple
New York	Hudson River Park
New York	IAC Building
New York	Intrepid Sea
New York	Italian American Museum
New York	James Watson House
New York	Javits Convention Center
New York	Jefferson Market Library
New York	Joan of Arc Memorial
New York	John Finley Walk
New York	John F. Kennedy Memorial
New York	Lever House
New York	Lincoln Center
New York	Lin Ze Xu Statue
New York	Little Italy
New York	Little Red Lighthouse
New York	Loeb Boathouse
New York	Lombard Lamp
New York	Low Library
New York	Macy's Department Store
New York	Madison Square Garden
New York	Madison Square
New York	Maine Monument
New York	Manhattan Bridge Gate
New York	Manhattan Municipal Building
New York	Metropolitan Life Insurance Company Building
New York	Metropolitan Museum of Art
New York	Metropolitan Opera
New York	Morgan Library
New York	Museum of Chinese in America
New York	Museum of Natural History
New York	Museum of the City of New York
New York	Nelson A. Rockefeller Park
New York	New Amsterdam Pavilion
New York	New Cooper Union
New York	New Museum of Contemporary Art
New York	New York by Gehry
New York	New York County Courthouse
New York	New York Historical Society
New York	New York Public Library
New York	Nicholas Roerich Museum
New York	NY Stock Exchange
New York	One WTC
New York	PanAm Building
New York	Park Avenue Armory
New York	Park Avenue
New York	Park Row Building
New York	Park Slope Historic District
New York	Pier 15
New York	Pier 17
New York	Plymouth Church
New York	Police Headquarters Building
New York	Potter Building
New York	Prison Ship Martyr's Monument
New York	Prospect Park
New York	Public Theater
New York	Puck Building
New York	Pulitzer Fountain
New York	Queen Elisabeth II September 11 Garden
New York	Queensboro Bridge
New York	Renwick's Ruins
New York	Riverside Church
New York	Riverside Park
New York	Rockefeller Center
New York	Roosevelt Island
New York	Seagram Building
New York	Shakespeare Garden
New York	Shinran Shonin statue
New York	Skyscraper Museum
New York	SoHo
New York	Soldier' and Sailors' Arch
New York	Soldiers' and Sailors' Monument
New York	Southpoint Park
New York	South Street Seaport
New York	Squadron A. Armory
New York	Statue of Liberty
New York	St Bartholomew's Church
New York	St. James' Church
New York	St. Mark's Church in the Bowery
New York	St. Patrick's Cathedral
New York	St. Patrick's Old Cathedral
New York	St. Paul's Chapel
New York	St. Peter's Church
New York	Strand Bookstore
New York	Strauss Park
New York	Strawberry Fields
New York	Stuyvesant Square
New York	Surrogate's Court
New York	Swedish Cottage
New York	Temple Emanu-El
New York	Tenement Museum
New York	The Ansonia
New York	The Beresford
New York	The Cloisters
New York	The Dairy
New York	The Dakota
New York	The Mall
New York	The Plaza
New York	The San Remo
New York	Times Square
New York	Time Warner Center
New York	Titanic Memorial
New York	Tompkins Square Park
New York	Tom's Restaurant
New York	Trinity Cemetery
New York	Trinity Church
New York	Trump Tower
New York	Tudor City
New York	Tweed Courthouse
New York	Union Square
New York	United Nations Headquarters
New York	United States Custom House
New York	US Courthouse
New York	Victorian Gardens
New York	Wall Street
New York	Washington Square Arch
New York	Washington Square
New York	Whitney Museum of American Art
New York	Williamsburgh Savings Bank
New York	Winter Garden
New York	Woolworth Building
New York	World Financial Center
New York	World Trade Center
New York	Yankee Stadium
Baltimore	Aberdeen Amtrak
Baltimore	Albany Amtrak
Baltimore	Albany-Rensselaer Amtrak
Baltimore	Albion Amtrak
Baltimore	Albuquerque Alvarado Transportation Center
Baltimore	Aldershot Amtrak
Baltimore	Alderson Amtrak
Baltimore	Alexandria Amtrak
Baltimore	Alliance Amtrak
Baltimore	Alpine Amtrak
Baltimore	Alton Amtrak
Baltimore	Altoona Amtrak
Baltimore	Amherst Amtrak
Baltimore	Amsterdam Amtrak
Baltimore	Anaheim Amtrak
Baltimore	Ann Arbor Amtrak
Baltimore	Anniston Amtrak
Baltimore	Antioch Amtrak
Baltimore	Ardmore Amtrak
Baltimore	Arkadelphia Amtrak
Baltimore	Ashland Amtrak
Baltimore	Atlanta
Baltimore	Auburn Amtrak
Baltimore	Austin Amtrak
Baltimore	Bakersfield Amtrak
Baltimore	Baltimore Penn Station
Baltimore	Bangor Amtrak
Baltimore	Barstow Amtrak
Baltimore	Battle Creek Amtrak
Baltimore	Beaumont Amtrak
Baltimore	Bellingham Amtrak
Baltimore	Bellows Falls Amtrak
Baltimore	Benson Amtrak
Baltimore	Berkeley Amtrak
Baltimore	Berlin Amtrak
Baltimore	Bingen-White Salmon Amtrak
Baltimore	Birmingham Amtrak
Baltimore	Bloomington-Normal Amtrak
Baltimore	Boston Back Bay Station
Baltimore	Boston North Station
Baltimore	Boston South Station
Baltimore	Brattleboro Amtrak
Baltimore	Bridgeport Amtrak
Baltimore	Brookhaven Amtrak
Baltimore	Browning Amtrak
Baltimore	Brunswick
Baltimore	Bryan Amtrak
Baltimore	Buffalo Depew Station
Baltimore	Buffalo Exchange Street Station
Baltimore	Burbank Bob Hope Airport Amtrak
Baltimore	Burke Centre Amtrak
Baltimore	Burlington Amtrak
Baltimore	BWI Marshall Airport Amtrak
Baltimore	Camarillo Amtrak
Baltimore	Camden Amtrak
Baltimore	Canadian Border New York
Baltimore	Carbondale Amtrak
Baltimore	Carlinville Amtrak
Baltimore	Carlsbad
Baltimore	Carpinteria Amtrak
Baltimore	Cary Amtrak
Baltimore	Castleton Amtrak
Baltimore	Centralia Amtrak
Baltimore	Champaign-Urbana Amtrak
Baltimore	Charleston Amtrak
Baltimore	Charlotte Amtrak
Baltimore	Charlottesville Amtrak
Baltimore	Chatsworth Amtrak
Baltimore	Chemult Amtrak
Baltimore	Chicago Union Station
Baltimore	Chico Amtrak
Baltimore	Cincinnati Union Terminal
Baltimore	Claremont Amtrak
Baltimore	Cleburne Amtrak
Baltimore	Clemson Amtrak
Baltimore	Cleveland Amtrak
Baltimore	Clifton Forge Amtrak
Baltimore	Coatesville Amtrak
Baltimore	Colfax Amtrak
Baltimore	Columbia Amtrak
Baltimore	Columbus Amtrak
Baltimore	Connellsville Amtrak
Baltimore	Connersville Amtrak
Baltimore	Corcoran Amtrak
Baltimore	Cornwells Heights Amtrak
Baltimore	Crawfordsville Amtrak
Baltimore	Creston Amtrak
Baltimore	Croton-Harmon Amtrak
Baltimore	Culpeper Amtrak
Baltimore	Cumberland Amtrak
Baltimore	Cut Bank Amtrak
Baltimore	Dallas Union Station
Baltimore	Danville Amtrak
Baltimore	Davis Amtrak
Baltimore	Dearborn Amtrak
Baltimore	Deerfield Beach Amtrak
Baltimore	DeLand Amtrak
Baltimore	Delray Beach Amtrak
Baltimore	Del Rio Amtrak
Baltimore	Deming Amtrak
Baltimore	Denmark Amtrak
Baltimore	Denver Union Station
Baltimore	Detroit Amtrak
Baltimore	Detroit Lakes Amtrak
Baltimore	Devils Lake Amtrak
Baltimore	Dillon Amtrak
Baltimore	Dodge City Amtrak
Baltimore	Dover Amtrak
Baltimore	Dowagiac Amtrak
Baltimore	Downingtown Amtrak
Baltimore	Dunsmuir Amtrak
Baltimore	Du Quoin Amtrak
Baltimore	Durand Amtrak
Baltimore	Durham Amtrak
Baltimore	Dwight Amtrak
Baltimore	Dyer Amtrak
Baltimore	East Glacier Park Amtrak
Baltimore	East Lansing Amtrak
Baltimore	Edmonds Amtrak
Baltimore	Effingham Amtrak
Baltimore	Elizabethtown Amtrak
Baltimore	Elkhart Amtrak
Baltimore	Elko Amtrak
Baltimore	El Paso Union Depot
Baltimore	Elyria Amtrak
Baltimore	Emeryville Amtrak
Baltimore	Encinitas
Baltimore	Ephrata Amtrak
Baltimore	Erie Amtrak
Baltimore	Essex Amtrak
Baltimore	Essex Junction-Burlington Amtrak
Baltimore	Eugene Amtrak
Baltimore	Everett Amtrak
Baltimore	Exeter Amtrak
Baltimore	Exton Amtrak
Baltimore	Fargo Amtrak
Baltimore	Fayetteville Amtrak
Baltimore	Flagstaff Amtrak
Baltimore	Flint Amtrak
Baltimore	Florence Amtrak
Baltimore	Fort Edward-Glens Falls Amtrak
Baltimore	Fort Lauderdale Amtrak
Baltimore	Fort Madison Amtrak
Baltimore	Fort Morgan Amtrak
Baltimore	Fort Worth Intermodal Transportation Center
Baltimore	Framingham Amtrak
Baltimore	Fraser-Winter Park Amtrak
Baltimore	Fredericksburg Amtrak
Baltimore	Freeport
Baltimore	Fremont Amtrak
Baltimore	Fresno Amtrak
Baltimore	Fullerton Transportation Center
Baltimore	Fulton Amtrak
Baltimore	Gainesville Amtrak
Baltimore	Galesburg Amtrak
Baltimore	Gallup Amtrak
Baltimore	Garden City Amtrak
Baltimore	Gastonia Amtrak
Baltimore	Gilman Amtrak
Baltimore	Glasgow Amtrak
Baltimore	Glendale Amtrak
Baltimore	Glenview Amtrak
Baltimore	Glenwood Springs Amtrak
Baltimore	Goleta Amtrak
Baltimore	Granby Amtrak
Baltimore	Grand Forks Amtrak
Baltimore	Grand Junction Amtrak
Baltimore	Grand Rapids Amtrak
Baltimore	Green River Amtrak
Baltimore	Greensboro Galyon Transportation Center
Baltimore	Greensburg Amtrak
Baltimore	Greenville Amtrak
Baltimore	Greenwood Amtrak
Baltimore	Grimsby Amtrak
Baltimore	Grover Beach Amtrak
Baltimore	Guadalupe Amtrak
Baltimore	Hamlet Amtrak
Baltimore	Hammond Amtrak
Baltimore	Hammond-Whiting Amtrak
Baltimore	Hanford Amtrak
Baltimore	Harpers Ferry Amtrak
Baltimore	Harrisburg Amtrak
Baltimore	Hartford Amtrak
Baltimore	Hastings Amtrak
Baltimore	Hattiesburg Amtrak
Baltimore	Haverhill Amtrak
Baltimore	Havre Amtrak
Baltimore	Hayward Amtrak
Baltimore	Hazlehurst Amtrak
Baltimore	Helper Amtrak
Baltimore	Hermann Amtrak
Baltimore	High Point Amtrak
Baltimore	Hinton Amtrak
Baltimore	Holdrege Amtrak
Baltimore	Holland Amtrak
Baltimore	Hollywood Amtrak
Baltimore	Homewood Amtrak
Baltimore	Hope
Baltimore	Houston Amtrak
Baltimore	Hudson Amtrak
Baltimore	Huntingdon Amtrak
Baltimore	Huntington Amtrak
Baltimore	Hutchinson Amtrak
Baltimore	Independence Amtrak
Baltimore	Indianapolis Amtrak
Baltimore	Irvine Transportation Center
Baltimore	Jackson Amtrak
Baltimore	Jacksonville Amtrak
Baltimore	Jefferson City Amtrak
Baltimore	Jesup Amtrak
Baltimore	Johnstown Amtrak
Baltimore	Joliet Union Station
Baltimore	Kalamazoo Amtrak
Baltimore	Kankakee Amtrak
Baltimore	Kannapolis Amtrak
Baltimore	Kansas City Amtrak
Baltimore	Kelso-Longview Amtrak
Baltimore	Kewanee Amtrak
Baltimore	Kingman Amtrak
Baltimore	Kingston Amtrak
Baltimore	Kingstree Amtrak
Baltimore	Kirkwood Amtrak
Baltimore	Kissimmee Amtrak
Baltimore	Klamath Falls Amtrak
Baltimore	La Crosse Amtrak
Baltimore	Lafayette Amtrak
Baltimore	LaGrange Road Amtrak
Baltimore	La Junta Amtrak
Baltimore	Lake Charles Amtrak
Baltimore	Lakeland Amtrak
Baltimore	Lamar Amtrak
Baltimore	Lamy Amtrak
Baltimore	Lancaster Amtrak
Baltimore	Lapeer Amtrak
Baltimore	La Plata Amtrak
Baltimore	Las Vegas Intermodal Facility
Baltimore	Latrobe Amtrak
Baltimore	Laurel Amtrak
Baltimore	Lawrence Amtrak
Baltimore	Leavenworth Icicle Station
Baltimore	Lees Summit Amtrak
Baltimore	Lewistown Amtrak
Baltimore	Libby Amtrak
Baltimore	Lincoln Amtrak
Baltimore	Little Rock Union Station
Baltimore	Lodi Transit Center
Baltimore	Lompoc-Surf Amtrak
Baltimore	Longview Amtrak
Baltimore	Lordsburg Amtrak
Baltimore	Lorton Auto Train Station
Baltimore	Los Angeles Union Station
Baltimore	Lynchburg Amtrak
Baltimore	Macomb Amtrak
Baltimore	Madera Amtrak
Baltimore	Malta Amtrak
Baltimore	Malvern Amtrak
Baltimore	Manassas Amtrak
Baltimore	Maricopa Amtrak
Baltimore	Marshall Amtrak
Baltimore	Martinez Amtrak
Baltimore	Martinsburg Caperton Transportation Center
Baltimore	Mattoon Amtrak
Baltimore	Maysville Amtrak
Baltimore	McComb Amtrak
Baltimore	McCook Amtrak
Baltimore	McGregor Amtrak
Baltimore	Memphis Central Station
Baltimore	Mendota Amtrak
Baltimore	Merced Amtrak
Baltimore	Meriden Amtrak
Baltimore	Meridian Union Station
Baltimore	Metropark Amtrak
Baltimore	Miami Amtrak
Baltimore	Michigan City Amtrak
Baltimore	Middletown Amtrak
Baltimore	Milwaukee Intermodal Station
Baltimore	Milwaukee Mitchell Airport Amtrak
Baltimore	Mineola Amtrak
Baltimore	Minot Amtrak
Baltimore	Modesto Amtrak
Baltimore	Montgomery Amtrak
Baltimore	Montpelier-Barre Amtrak
Baltimore	Montreal Central Station
Baltimore	Moorpark Amtrak
Baltimore	Mount Joy Amtrak
Baltimore	Mount Pleasant Amtrak
Baltimore	Mount Vernon Skagit Transportation Center
Baltimore	Mystic Amtrak
Baltimore	Naperville Amtrak
Baltimore	Needles Amtrak
Baltimore	Newark Amtrak
Baltimore	Newark Liberty Airport Amtrak
Baltimore	Newark Penn Station
Baltimore	Newbern-Dyersburg Amtrak
Baltimore	New Brunswick Amtrak
Baltimore	New Buffalo Amtrak
Baltimore	New Carrollton Amtrak
Baltimore	New Haven Union Station
Baltimore	New Iberia Amtrak
Baltimore	New London Union Station
Baltimore	New Orleans Union Passenger Terminal
Baltimore	Newport News Amtrak
Baltimore	New Rochelle Amtrak
Baltimore	Newton Amtrak
Baltimore	New York Penn Station
Baltimore	Niagara Falls Amtrak
Baltimore	Niles Amtrak
Baltimore	Norfolk
Baltimore	Norman Amtrak
Baltimore	North Philadelphia Amtrak
Baltimore	Oakland Coliseum Station
Baltimore	Oakland Jack London Square Station
Baltimore	Oakville Amtrak
Baltimore	Oceanside Transportation Center
Baltimore	Okeechobee Amtrak
Baltimore	Oklahoma City Amtrak
Baltimore	Old Orchard Beach Amtrak
Baltimore	Old Saybrook Amtrak
Baltimore	Olympia-Lacey Centennial Station
Baltimore	Omaha Amtrak
Baltimore	Ontario Amtrak
Baltimore	Oregon City Amtrak
Baltimore	Orlando Amtrak
Baltimore	Osceola Amtrak
Baltimore	Ottumwa Amtrak
Baltimore	Oxnard Transportation Center
Baltimore	Palatka Amtrak
Baltimore	Palm Springs Amtrak
Baltimore	Paoli Amtrak
Baltimore	Parkesburg Amtrak
Baltimore	Pasco Intermodal Station
Baltimore	Paso Robles Intermodal Station
Baltimore	Pauls Valley Amtrak
Baltimore	Petersburg Amtrak
Baltimore	Philadelphia 30th Street Station
Baltimore	Picayune Amtrak
Baltimore	Pittsburgh Amtrak
Baltimore	Pittsfield Amtrak
Baltimore	Plano Amtrak
Baltimore	Plattsburgh Amtrak
Baltimore	Pomona
Baltimore	Pontiac Amtrak
Baltimore	Poplar Bluff Amtrak
Baltimore	Portage Amtrak
Baltimore	Port Henry Amtrak
Baltimore	Port Huron Amtrak
Baltimore	Port Kent Amtrak
Baltimore	Portland Transportation Center
Baltimore	Portland Union Station
Baltimore	Poughkeepsie Amtrak
Baltimore	Prince Amtrak
Baltimore	Princeton Amtrak
Baltimore	Princeton Junction Amtrak
Baltimore	Providence Amtrak
Baltimore	Provo Amtrak
Baltimore	Purcell Amtrak
Baltimore	Quantico Amtrak
Baltimore	Quincy Amtrak
Baltimore	Raleigh Amtrak
Baltimore	Randolph Amtrak
Baltimore	Rantoul Amtrak
Baltimore	Raton Amtrak
Baltimore	Redding Amtrak
Baltimore	Red Wing Amtrak
Baltimore	Reno Amtrak
Baltimore	Rensselaer Amtrak
Baltimore	Rhinecliff-Kingston Amtrak
Baltimore	Richmond Main Street Station
Baltimore	Richmond Staples Mill Station
Baltimore	Richmond Transit Station
Baltimore	Riverside Amtrak
Baltimore	Rochester Amtrak
Baltimore	Rocklin Amtrak
Baltimore	Rockville Amtrak
Baltimore	Rocky Mount Amtrak
Baltimore	Rome Amtrak
Baltimore	Roseville Amtrak
Baltimore	Rouses Point Amtrak
Baltimore	Route 128 Amtrak
Baltimore	Royal Oak Amtrak
Baltimore	Rugby Amtrak
Baltimore	Rutland Amtrak
Baltimore	Saco Amtrak
Baltimore	Sacramento Amtrak
Baltimore	Salem Amtrak
Baltimore	Salinas Amtrak
Baltimore	Salisbury Amtrak
Baltimore	Salt Lake City Amtrak
Baltimore	San Antonio Amtrak
Baltimore	San Bernardino Amtrak
Baltimore	San Clemente Pier Amtrak
Baltimore	Sanderson Amtrak
Baltimore	San Diego Old Town Transportation Center
Baltimore	San Diego Santa Fe Depot
Baltimore	Sandpoint Amtrak
Baltimore	Sandusky Amtrak
Baltimore	Sanford Auto Train Station
Baltimore	San Jose Diridon Station
Baltimore	San Juan Capistrano Amtrak
Baltimore	San Luis Obispo Amtrak
Baltimore	San Marcos Intermodal Station
Baltimore	Santa Ana Regional Transportation Center
Baltimore	Santa Barbara Amtrak
Baltimore	Santa Clara
Baltimore	Santa Clara Great America Station
Baltimore	Saratoga Springs Amtrak
Baltimore	Savannah Amtrak
Baltimore	Schenectady Amtrak
Baltimore	Schriever Amtrak
Baltimore	Seattle King Street Station
Baltimore	Sebring Amtrak
Baltimore	Sedalia Amtrak
Baltimore	Selma-Smithfield Amtrak
Baltimore	Shelby Amtrak
Baltimore	Simi Valley Amtrak
Baltimore	Slidell Amtrak
Baltimore	Solana Beach Amtrak
Baltimore	Sorrento Valley
Baltimore	South Bend Amtrak
Baltimore	Southern Pines Amtrak
Baltimore	South Portsmouth Amtrak
Baltimore	Spartanburg Amtrak
Baltimore	Spokane Amtrak
Baltimore	Springfield Amtrak
Baltimore	St. Albans Amtrak
Baltimore	Stamford Amtrak
Baltimore	Stanley Amtrak
Baltimore	Stanwood Amtrak
Baltimore	Staples Amtrak
Baltimore	Staunton Amtrak
Baltimore	St. Catharines Amtrak
Baltimore	St. Cloud Amtrak
Baltimore	St. Joseph-Benton Harbor Amtrak
Baltimore	St-Lambert Amtrak
Baltimore	St. Louis Gateway Station
Baltimore	Stockton Robert Cabral Station
Baltimore	Stockton San Joaquin Street Station
Baltimore	St. Paul-Minneapolis Midway Station
Baltimore	Sturtevant Amtrak
Baltimore	Suisun-Fairfield Amtrak
Baltimore	Summit Amtrak
Baltimore	Syracuse Regional Transportation Center
Baltimore	Tacoma Amtrak
Baltimore	Tampa Amtrak
Baltimore	Taylor Amtrak
Baltimore	Temple Amtrak
Baltimore	Texarkana Amtrak
Baltimore	Thurmond Amtrak
Baltimore	Ticonderoga Amtrak
Baltimore	Toccoa Amtrak
Baltimore	Toledo Central Union Plaza
Baltimore	Tomah Amtrak
Baltimore	Topeka Amtrak
Baltimore	Toronto Union Station
Baltimore	Trenton Transit Center
Baltimore	Trinidad Amtrak
Baltimore	Truckee Amtrak
Baltimore	Tucson Amtrak
Baltimore	Tukwila Amtrak
Baltimore	Turlock-Denair Amtrak
Baltimore	Tuscaloosa Amtrak
Baltimore	Tyrone Amtrak
Baltimore	Utica Boehlert Transportation Center
Baltimore	Vancouver Amtrak
Baltimore	Vancouver Pacific Central Station
Baltimore	Van Nuys Amtrak
Baltimore	Ventura Amtrak
Baltimore	Victorville Victor Valley Transit Center
Baltimore	Wallingford Amtrak
Baltimore	Walnut Ridge Amtrak
Baltimore	Warrensburg Amtrak
Baltimore	Wasco Amtrak
Baltimore	Washington Amtrak
Baltimore	Washington Union Station
Baltimore	Waterbury-Stowe Amtrak
Baltimore	Waterloo Amtrak
Baltimore	Wells Amtrak
Baltimore	Wenatchee Columbia Station
Baltimore	Westerly Amtrak
Baltimore	West Glacier Amtrak
Baltimore	West Palm Beach Amtrak
Baltimore	Westport Amtrak
Baltimore	Whitefish Amtrak
Baltimore	Whitehall Amtrak
Baltimore	White River Junction Amtrak
Baltimore	White Sulphur Springs Amtrak
Baltimore	Williamsburg Amtrak
Baltimore	Williams Junction Amtrak
Baltimore	Williston Amtrak
Baltimore	Wilmington Amtrak
Baltimore	Wilson Amtrak
Baltimore	Windsor Amtrak
Baltimore	Windsor Locks Amtrak
Baltimore	Windsor-Mt. Ascutney Amtrak
Baltimore	Winnemucca Amtrak
Baltimore	Winona Amtrak
Baltimore	Winslow Amtrak
Baltimore	Winter Haven Amtrak
Baltimore	Winter Park Amtrak
Baltimore	Wisconsin Dells Amtrak
Baltimore	Wishram Amtrak
Baltimore	Woburn Anderson Transportation Center
Baltimore	Wolf Point Amtrak
Baltimore	Woodbridge Amtrak
Baltimore	Worcester Amtrak
Baltimore	Yazoo City Amtrak
Baltimore	Yemassee Amtrak
Baltimore	Yonkers Amtrak
Baltimore	Yuma
New Jersey	10 AV/W 19 ST
New Jersey	10 AV/W 21 ST
New Jersey	10 AV/W 23 ST
New Jersey	10 AV/W 25 ST
New Jersey	10 AV/W 27 ST
New Jersey	10 AV/W 30 ST
New Jersey	10 AV/W 34 ST
New Jersey	10 AV/W 37 ST
New Jersey	10 AV/W 42 ST
New Jersey	10 AV/W 45 ST
New Jersey	10 AV/W 47 ST
New Jersey	10 AV/W 49 ST
New Jersey	10 AV/W 53 ST
New Jersey	10 AV/W 55 ST
New Jersey	10 AV/W 57 ST
New Jersey	10 AV/WEST 16 ST
New Jersey	11 AV/W 15 ST
New Jersey	11 AV / W 17 ST
New Jersey	11 AV/W 17 ST
New Jersey	11 AV/W 19 ST
New Jersey	11 AV/W 23 ST
New Jersey	11 AV/W 26 ST
New Jersey	11 AV/W 29 ST
New Jersey	11 AV/W 34 ST
New Jersey	11 AV/W 36 ST
New Jersey	11 AV/W 38 ST
New Jersey	11 AV/W 42 ST
New Jersey	11 AV/W 44 ST
New Jersey	11 AV/W 47 ST
New Jersey	11 AV/W 50 ST
New Jersey	11 AV/W 54 ST
New Jersey	11 AV/W 57 ST
New Jersey	12 AV/W 23 ST
New Jersey	12 AV/W 27 ST
New Jersey	12 AV/W 33 ST
New Jersey	12 AV/W 40 ST
New Jersey	12 AV/W 42 ST
New Jersey	12 AV/W 42 ST ISLAND
New Jersey	12 AV/W 43 ST
New Jersey	12 AV/W 46 ST
New Jersey	12 AV/W 48 ST
New Jersey	12 AV/W 51 ST
New Jersey	12 AV/W 54 ST
New Jersey	12 AV/W 57 ST
New Jersey	146 ST/LENOX AV
New Jersey	168 ST/AUDUBON AV
New Jersey	1 AV / 4 ST
New Jersey	1 AV/E 102 ST
New Jersey	1 AV/E 105 ST
New Jersey	1 AV/E 108 ST
New Jersey	1 AV/E 111 ST
New Jersey	1 AV/E 113 ST
New Jersey	1 AV/E 116 ST
New Jersey	1 AV/E 11 ST
New Jersey	1 AV/E 120 ST
New Jersey	1 AV/E 125 ST
New Jersey	1 AV/E 14 ST
New Jersey	1 AV/E 17 ST
New Jersey	1 AV/E 1 ST
New Jersey	1 AV/E 20 ST
New Jersey	1 AV/E 23 ST
New Jersey	1 AV/E 25 ST
New Jersey	1 AV/E 26 ST
New Jersey	1 AV/ E 27 ST
New Jersey	1 AV/E 28 ST
New Jersey	1 AV/E 2 ST
New Jersey	1 AV/E 31 ST
New Jersey	1 AV/E 34 ST
New Jersey	1 AV/E 36 ST
New Jersey	1 AV/E 39 ST
New Jersey	1 AV/E 42 ST
New Jersey	1 AV/E 45 ST
New Jersey	1 AV/E 52 ST
New Jersey	1 AV/E 55 ST
New Jersey	1 AV/E 57 ST
New Jersey	1 AV/E 62 ST
New Jersey	1 AV/E 64 ST
New Jersey	1 AV/E 67 ST
New Jersey	1 AV/E 70 ST
New Jersey	1 AV/E 72 ST
New Jersey	1 AV/E 75 ST
New Jersey	1 AV/E 77 ST
New Jersey	1 AV/E 79 ST
New Jersey	1 AV /E  82 ST
New Jersey	1 AV/E 86 ST
New Jersey	1 AV/E 89 ST
New Jersey	1 AV/E 91 ST
New Jersey	1 AV/E 93 ST
New Jersey	1 AV/ E 97 ST
New Jersey	1 AV/E 97 ST
New Jersey	1 AV/E 99 ST
New Jersey	1 AV/MITCHELL PL
New Jersey	1 AV/PALADINO AV
New Jersey	1 AV/ST MARKS PL
New Jersey	23 AV/82 ST
New Jersey	23 AV/87 ST
New Jersey	2 AV/E 100 ST
New Jersey	2 AV/E 101 ST
New Jersey	2 AV/E 103 ST
New Jersey	2 AV/E 106 ST
New Jersey	2 AV/E 108 ST
New Jersey	2 AV/E 110 ST
New Jersey	2 AV/E 113 ST
New Jersey	2 AV/E 116 ST
New Jersey	2 AV/E 119 ST
New Jersey	2 AV/E 122 ST
New Jersey	2 AV/E 125 ST
New Jersey	2 AV/E 12 ST
New Jersey	2 AV/E 14 ST
New Jersey	2 AV/E 17 ST
New Jersey	2 AV/E 20 ST
New Jersey	2 AV/E 23 ST
New Jersey	2 AV/E 25 ST
New Jersey	2 AV/E 28 ST
New Jersey	2 AV/E 31 ST
New Jersey	2 AV/E 34 ST
New Jersey	2 AV/E 36 ST
New Jersey	2 AV/E 39 ST
New Jersey	2 AV/E 3 ST
New Jersey	2 AV/E 42 ST
New Jersey	2 AV/E 46 ST
New Jersey	2 AV/E 50 ST
New Jersey	2 AV/E 54 ST
New Jersey	2 AV/E 57 ST
New Jersey	2 AV/E 61 ST
New Jersey	2 AV/E 64 ST
New Jersey	2 AV/E 66 ST
New Jersey	2 AV/E 68 ST
New Jersey	2 AV/E 6 ST
New Jersey	2 AV/E 71 ST
New Jersey	2 AV/E 72 ST
New Jersey	2 AV/E 75 ST
New Jersey	2 AV/E 79 ST
New Jersey	2 AV/E 82 ST
New Jersey	2 AV/E 84 ST
New Jersey	2 AV/E 86 ST
New Jersey	2 AV/E 88 ST
New Jersey	2 AV/E 91 ST
New Jersey	2 AV/E 94 ST
New Jersey	2 AV/E 96 ST
New Jersey	2 AV/E 9 ST
New Jersey	3 AV/ASTOR PL
New Jersey	3 AV/E 102 ST
New Jersey	3 AV/E 104 ST
New Jersey	3 AV/E 106 ST
New Jersey	3 AV/E 109 ST
New Jersey	3 AV/E 112 ST
New Jersey	3 AV/E 116 ST
New Jersey	3 AV/E 118 ST
New Jersey	3 AV/E 11 ST
New Jersey	3 AV/E 122 ST
New Jersey	3 AV /E 125 ST
New Jersey	3 AV/E 125 ST
New Jersey	3 AV/E 14 ST
New Jersey	3 AV/E 17 ST
New Jersey	3 AV/E 20 ST
New Jersey	3 AV/E 21 ST
New Jersey	3 AV/E 23 ST
New Jersey	3 AV/E 26 ST
New Jersey	3 AV/E 29 ST
New Jersey	3 AV/E 31 ST
New Jersey	3 AV/E 33 ST
New Jersey	3 AV/E 37 ST
New Jersey	3 AV/E 39 ST
New Jersey	3 AV/E 42 ST
New Jersey	3 AV/E 45 ST
New Jersey	3 AV/E 47 ST
New Jersey	3 AV/E 50 ST
New Jersey	3 AV/E 52 ST
New Jersey	3 AV/E 55 ST
New Jersey	3 AV/E 60 ST
New Jersey	3 AV/E 65 ST
New Jersey	3 AV/E 67 ST
New Jersey	3 AV/E 69 ST
New Jersey	3 AV/E 72 ST
New Jersey	3 AV/E 75 ST
New Jersey	3 AV/E 77 ST
New Jersey	3 AV/E 79 ST
New Jersey	3 AV/E 82 ST
New Jersey	3 AV/E 86 ST
New Jersey	3 AV/E 88 ST
New Jersey	3 AV/E 91 ST
New Jersey	3 AV/E 93 ST
New Jersey	3 AV/E 97 ST
New Jersey	3 AV/E 99 ST
New Jersey	3 AV/E 9 ST
New Jersey	3 AV/EAST 7 ST
New Jersey	49 ST/1 AV
New Jersey	4 AV/E 12 ST
New Jersey	4 AV/E 13 ST
New Jersey	4 AV/E 9 ST
New Jersey	5 AV/E 135 ST
New Jersey	5 AV/E 138 ST
New Jersey	5 AV/EAST 102 ST
New Jersey	5 AV/EAST 104 ST
New Jersey	5 AV/EAST 106 ST
New Jersey	5 AV/EAST 108 ST
New Jersey	5 AV/EAST 109 ST
New Jersey	5 AV/EAST 62 ST
New Jersey	5 AV/EAST 63 ST
New Jersey	5 AV/EAST 65 ST
New Jersey	5 AV/EAST 69 ST
New Jersey	5 AV/EAST 72 ST
New Jersey	5 AV/EAST 75 ST
New Jersey	5 AV/EAST 77 ST
New Jersey	5 AV/EAST 78 ST
New Jersey	5 AV/EAST 81 ST
New Jersey	5 AV/EAST 84 ST
New Jersey	5 AV/EAST 87 ST
New Jersey	5 AV/EAST 90 ST
New Jersey	5 AV/EAST 92 ST
New Jersey	5 AV/EAST 94 ST
New Jersey	5 AV/EAST 96 ST
New Jersey	5 AV/EAST 98 ST
New Jersey	5 AV/W 10 ST
New Jersey	5 AV/W 112 ST
New Jersey	5 AV/W 116 ST
New Jersey	5 AV/W 118 ST
New Jersey	5 AV/W 125 ST
New Jersey	5 AV/W 128 ST
New Jersey	5 AV/W 12 ST
New Jersey	5 AV/W 130 ST
New Jersey	5 AV/W 132 ST
New Jersey	5 AV/W 135 ST
New Jersey	5 AV/W 137 ST
New Jersey	5 AV/W 138 ST
New Jersey	5 AV/W 14 ST
New Jersey	5 AV/W 17 ST
New Jersey	5 AV/W 20 ST
New Jersey	5 AV/W 23 ST
New Jersey	5 AV/W 26 ST
New Jersey	5 AV/W 29 ST
New Jersey	5 AV/W 31 ST
New Jersey	5 AV/W 33 ST
New Jersey	5 AV/W 49 ST
New Jersey	5 AV/W 50 ST
New Jersey	5 AV/W 56 - 55 ST
New Jersey	5 AV/W 58 ST
New Jersey	5 AV/W 67 ST
New Jersey	5 AV/WEST 36 - 35 ST
New Jersey	5 AV/WEST 39 - 38 ST
New Jersey	5 AV/WEST 42 - 41 ST
New Jersey	5 AV/WEST 45 - 44 ST
New Jersey	5 AV/WEST 47 - 46 ST
New Jersey	5 AV/WEST 53 - 52 ST
New Jersey	5 AV/WEST 60 - 59 ST
New Jersey	7 AV S/BARROW ST
New Jersey	7 AV S/BEDFORD ST
New Jersey	7 AV S/CLARKSON ST
New Jersey	7 AV S/W 10 ST
New Jersey	7 AV S/WAVERLY PL
New Jersey	7 AV/W 20 ST
New Jersey	7 AV/W 23 ST
New Jersey	7 AV/W 25 ST
New Jersey	7 AV/W 28 ST
New Jersey	7 AV/W 31 ST
New Jersey	7 AV/W 34 ST
New Jersey	7 AV/W 37 ST
New Jersey	7 AV/W 39 ST
New Jersey	7 AV/W 41 ST
New Jersey	7 AV/W 44 ST
New Jersey	7 AV/W 47 ST
New Jersey	7 AV/W 50 ST
New Jersey	7 AV/W 53 ST
New Jersey	7 AV/W 54 ST
New Jersey	7 AV/W 56 ST
New Jersey	7 AV/W 58 ST
New Jersey	7 AV/WEST 14 ST
New Jersey	7 AV/WEST 17 STREET
New Jersey	7 AV/WEST 55 ST
New Jersey	7 AV/WEST 58 ST
New Jersey	8 AV/BLEECKER ST
New Jersey	8 AV/JANE ST
New Jersey	8 AV/W 14 ST
New Jersey	8 AV/W 17 ST
New Jersey	8 AV/W 20 ST
New Jersey	8 AV/W 23 ST
New Jersey	8 AV/W 25 ST
New Jersey	8 AV/W 28 ST
New Jersey	8 AV/W 31 ST
New Jersey	8 AV/W 34 ST
New Jersey	8 AV/W 37 ST
New Jersey	8 AV/W 39 ST
New Jersey	8 AV/W 40 ST
New Jersey	8 AV/W 43 ST
New Jersey	8 AV/W 46 ST
New Jersey	8 AV/W 49 ST
New Jersey	8 AV/W 4 ST
New Jersey	8 AV/W 52 ST
New Jersey	8 AV/W  56 ST
New Jersey	8 AV/W  57 ST
New Jersey	94 ST/23 AV
New Jersey	9 AV/W 18 ST
New Jersey	9 AV/W 20 ST
New Jersey	9 AV/W 23 ST
New Jersey	9 AV/W 28 ST
New Jersey	9 AV/W 30 ST
New Jersey	9 AV/W 34 ST
New Jersey	9 AV/W 35 ST
New Jersey	9 AV/W 38 ST
New Jersey	9 AV/W 40 ST
New Jersey	9 AV/W 42 ST
New Jersey	9 AV/W 44 ST
New Jersey	9 AV/W 46 ST
New Jersey	9 AV/W 50 ST
New Jersey	9 AV/W 52 ST
New Jersey	9 AV/W 55 ST
New Jersey	9 AV/W 57 ST
New Jersey	9 AV/W 59 ST
New Jersey	9 AV/WEST 25 ST
New Jersey	ADAM C POWELL BL/W 112 ST
New Jersey	ADAM C POWELL BL/W 113 ST
New Jersey	ADAM C POWELL BL/W 114 ST
New Jersey	ADAM C POWELL BL/W 116 ST
New Jersey	ADAM C POWELL BL/W 120 ST
New Jersey	ADAM C POWELL BL/W 121 ST
New Jersey	ADAM C POWELL BL/W 122 ST
New Jersey	ADAM C POWELL BL/W 123 ST
New Jersey	ADAM C POWELL BL/W 125 ST
New Jersey	ADAM C POWELL BL/W 127 ST
New Jersey	ADAM C POWELL BL/W 128 ST
New Jersey	ADAM C POWELL BL/W 129 ST
New Jersey	ADAM C POWELL BL/W 130 ST
New Jersey	ADAM C POWELL BL/W 132 ST
New Jersey	ADAM C POWELL BL/W 133 ST
New Jersey	ADAM C POWELL BL/W 135 ST
New Jersey	ADAM C POWELL BL/W 137 ST
New Jersey	ADAM C POWELL BL/W 138 ST
New Jersey	ADAM C POWELL BL/W 139 ST
New Jersey	ADAM C POWELL BL/W 140 ST
New Jersey	ADAM C POWELL BL/W 141 ST
New Jersey	ADAM C POWELL BL/W 142 ST
New Jersey	ADAM C POWELL BL/W 143 ST
New Jersey	ADAM C POWELL BL/W 145 ST
New Jersey	ADAM C POWELL BL/W 147 ST
New Jersey	ADAM C POWELL BL/W 148 ST
New Jersey	ADAM C POWELL BL/W 149 ST
New Jersey	ADAM C POWELL BL/W 150 ST
New Jersey	ADAM C POWELL BL/W 151 ST
New Jersey	ADAM C POWELL BL/W 153 ST
New Jersey	ADAM C POWELL BL/W 154 ST
New Jersey	ADAM C POWELL BL/WEST 119 ST
New Jersey	ALLEN ST/CANAL ST
New Jersey	ALLEN ST/DELANCEY ST
New Jersey	ALLEN ST/E HOUSTON ST
New Jersey	ALLEN ST/GRAND ST
New Jersey	ALLEN ST/HESTER ST
New Jersey	ALLEN ST/STANTON ST
New Jersey	AMSTERDAM AV/193 ST
New Jersey	AMSTERDAM AV/LA SALLE ST
New Jersey	AMSTERDAM AV/W 100 ST
New Jersey	AMSTERDAM AV/W 102 ST
New Jersey	AMSTERDAM AV/W 104 ST
New Jersey	AMSTERDAM AV/W 106 ST
New Jersey	AMSTERDAM AV/W 109 ST
New Jersey	AMSTERDAM AV/W 112 ST
New Jersey	AMSTERDAM AV/W 114 ST
New Jersey	AMSTERDAM AV/W 116 ST
New Jersey	AMSTERDAM AV/W 118 ST
New Jersey	AMSTERDAM AV/W 120 ST
New Jersey	AMSTERDAM AV/W 123 ST
New Jersey	AMSTERDAM AV/W 125 ST
New Jersey	AMSTERDAM AV/W 126 ST
New Jersey	AMSTERDAM AV/W 129 ST
New Jersey	AMSTERDAM AV/W 131 ST
New Jersey	AMSTERDAM AV/W 133 ST
New Jersey	AMSTERDAM AV/W 134 ST
New Jersey	AMSTERDAM AV/W 135 ST
New Jersey	AMSTERDAM AV/W 138 ST
New Jersey	AMSTERDAM AV/W 140 ST
New Jersey	AMSTERDAM AV/W 143 ST
New Jersey	AMSTERDAM AV/W 145 ST
New Jersey	AMSTERDAM AV/W 148 ST
New Jersey	AMSTERDAM AV/W 149 ST
New Jersey	AMSTERDAM AV/W 150 ST
New Jersey	AMSTERDAM AV/W 152 ST
New Jersey	AMSTERDAM AV/W 155 ST
New Jersey	AMSTERDAM AV/W 156 ST
New Jersey	AMSTERDAM AV/W 158 ST
New Jersey	AMSTERDAM AV/W 161 ST
New Jersey	AMSTERDAM AV/W 164 ST
New Jersey	AMSTERDAM AV/W 165 ST
New Jersey	AMSTERDAM AV/W 167 ST
New Jersey	AMSTERDAM AV/W 168 ST
New Jersey	AMSTERDAM AV/W 170 ST
New Jersey	AMSTERDAM AV/W 171 ST
New Jersey	AMSTERDAM AV/W 172 ST
New Jersey	AMSTERDAM AV/W 173 ST
New Jersey	AMSTERDAM AV/W 175 ST
New Jersey	AMSTERDAM AV/W 176 ST
New Jersey	AMSTERDAM AV/W 178 ST
New Jersey	AMSTERDAM AV/W 179 ST
New Jersey	AMSTERDAM AV/W 181 ST
New Jersey	AMSTERDAM AV/W 183 ST
New Jersey	AMSTERDAM AV/W 184 ST
New Jersey	AMSTERDAM AV/W 185 ST
New Jersey	AMSTERDAM AV/W 187 ST
New Jersey	AMSTERDAM AV/W 188 ST
New Jersey	AMSTERDAM AV/W 190 ST
New Jersey	AMSTERDAM AV/W 59 ST
New Jersey	AMSTERDAM AV/W 62 ST
New Jersey	AMSTERDAM AV/W 65 ST
New Jersey	AMSTERDAM AV/W 67 ST
New Jersey	AMSTERDAM AV/W 69 ST
New Jersey	AMSTERDAM AV/W 72 ST
New Jersey	AMSTERDAM AV/W 75 ST
New Jersey	AMSTERDAM AV/W 77 ST
New Jersey	AMSTERDAM AV/W 79 ST
New Jersey	AMSTERDAM AV/W 81 ST
New Jersey	AMSTERDAM AV/W 83 ST
New Jersey	AMSTERDAM AV/W 86 ST
New Jersey	AMSTERDAM AV/W 89 ST
New Jersey	AMSTERDAM AV/W 91 ST
New Jersey	AMSTERDAM AV/W 93 ST
New Jersey	AMSTERDAM AV/W 96 ST
New Jersey	AMSTERDAM AV/W 98 ST
New Jersey	ASTORIA BL N/77 ST
New Jersey	ASTORIA BL S/77 ST
New Jersey	ASTORIA BL S/STEINWAY ST
New Jersey	ASTORIA BL/STEINWAY ST
New Jersey	ASTOR PL/3 AV
New Jersey	AUDUBON AV/W 165 ST
New Jersey	AV A/E 11 ST
New Jersey	AV A/E 3 ST
New Jersey	AV A/E 5 ST
New Jersey	AV A/E 6 ST
New Jersey	AV A/E 9 ST
New Jersey	AV A/E HOUSTON ST
New Jersey	AV A/ST MARKS PL
New Jersey	AV C/E 10 ST
New Jersey	AV C/E 11 ST
New Jersey	AV C/E 12 ST
New Jersey	AV C/E 14 ST
New Jersey	AV C/E 16 ST
New Jersey	AV C/E 18 ST
New Jersey	AV C/E 20 ST
New Jersey	AV C/E 3 ST
New Jersey	AV C/E 5 ST
New Jersey	AV C/E 6 ST
New Jersey	AV C/E 7 ST
New Jersey	AV C/E 8 ST
New Jersey	AV C/FDR DRIVE
New Jersey	AV D/E 5 ST
New Jersey	AV D/E 6 ST
New Jersey	AV D/E 8 ST
New Jersey	AV D/E 9 ST
New Jersey	AV D/EAST 3 ST
New Jersey	AV D/EAST 8 ST
New Jersey	AV D/E HOUSTON ST
New Jersey	AV D/LOOP
New Jersey	AVENUE C/E 23 ST
New Jersey	AV OF THE AMERICAS/PRINCE ST
New Jersey	AV OF THE AMERICAS/SPRING ST
New Jersey	AV OF THE AMERICAS/THOMPSON ST
New Jersey	AV OF THE AMERICAS/W 10 ST
New Jersey	AV OF THE AMERICAS/W 12 ST
New Jersey	AV OF THE AMERICAS/W 14 ST
New Jersey	AV OF THE AMERICAS/W 18 ST
New Jersey	AV OF THE AMERICAS/W 20 ST
New Jersey	AV OF THE AMERICAS/W 23 ST
New Jersey	AV OF THE AMERICAS/W 27 ST
New Jersey	AV OF THE AMERICAS/W 29 ST
New Jersey	AV OF THE AMERICAS/W 31 ST
New Jersey	AV OF THE AMERICAS/W 34 ST
New Jersey	AV OF THE AMERICAS/W 38 ST
New Jersey	AV OF THE AMERICAS/W 3 ST
New Jersey	AV OF THE AMERICAS/W 40 ST
New Jersey	AV OF THE AMERICAS/W 42 ST
New Jersey	AV OF THE AMERICAS/W 45 ST
New Jersey	AV OF THE AMERICAS/W 47 ST
New Jersey	AV OF THE AMERICAS/W 50 ST
New Jersey	AV OF THE AMERICAS/W 51 ST
New Jersey	AV OF THE AMERICAS/W 54 ST
New Jersey	AV OF THE AMERICAS/W 57 ST
New Jersey	AV OF THE AMERICAS/WAVERLY PL
New Jersey	AV OF THE AMERICAS/WEST BROADWAY
New Jersey	AV OF THE AMERICAS/WHITE ST
New Jersey	AV OF THE AMERICAS/W HOUSTON ST
New Jersey	BATTERY PL/1 PL
New Jersey	BATTERY PL/3 PL
New Jersey	BATTERY PL/WASHINGTON ST
New Jersey	BATTERY PL/WEST ST
New Jersey	BETHUNE ST/GREENWICH ST
New Jersey	BOWERY/BAYARD ST
New Jersey	BOWERY/BLEECKER ST
New Jersey	BOWERY/CANAL ST
New Jersey	BOWERY/DELANCEY ST
New Jersey	BOWERY/E 1 ST
New Jersey	BOWERY/E 3 ST
New Jersey	BOWERY/E 4 ST
New Jersey	BOWERY/E HOUSTON ST
New Jersey	BOWERY/GRAND ST
New Jersey	BOWERY/HESTER ST
New Jersey	BOWERY/KENMARE ST
New Jersey	BOWERY/PRINCE ST
New Jersey	BROAD ST/WATER ST
New Jersey	BROADWAY/BARCLAY ST
New Jersey	BROADWAY/BLEECKER ST
New Jersey	BROADWAY/CATHEDRAL PY
New Jersey	BROADWAY/CORTLANDT ST
New Jersey	BROADWAY/FULTON ST
New Jersey	BROADWAY/HOWARD ST
New Jersey	BROADWAY/LA SALLE ST
New Jersey	BROADWAY/MORRIS ST
New Jersey	BROADWAY/PARK PL
New Jersey	BROADWAY/PRINCE ST
New Jersey	BROADWAY/READE ST
New Jersey	BROADWAY/RECTOR ST
New Jersey	BROADWAY/SPRING ST
New Jersey	BROADWAY/THOMAS ST
New Jersey	BROADWAY/TIEMANN PL
New Jersey	BROADWAY/W 100 ST
New Jersey	BROADWAY/W 101 ST
New Jersey	BROADWAY/W 102 ST
New Jersey	BROADWAY/W 103 ST
New Jersey	BROADWAY/W 104 ST
New Jersey	BROADWAY/W 106 ST
New Jersey	BROADWAY/W 108 ST
New Jersey	BROADWAY/W 112 ST
New Jersey	BROADWAY/W 113 ST
New Jersey	BROADWAY/W 114 ST
New Jersey	BROADWAY/W 116 ST
New Jersey	BROADWAY/W 119 ST
New Jersey	BROADWAY/W 120 ST
New Jersey	BROADWAY/W 122 ST
New Jersey	BROADWAY / W 123 ST
New Jersey	BROADWAY/W 129 ST
New Jersey	BROADWAY/W 131 ST
New Jersey	BROADWAY/W 133 ST
New Jersey	BROADWAY / W 135 ST
New Jersey	BROADWAY / W 136 ST
New Jersey	BROADWAY/W 137 ST
New Jersey	BROADWAY/W 138 ST
New Jersey	BROADWAY/W 139 ST
New Jersey	BROADWAY/W 140 ST
New Jersey	BROADWAY/W 141 ST
New Jersey	BROADWAY/W 142 ST
New Jersey	BROADWAY/W 143 ST
New Jersey	BROADWAY/W 145 ST
New Jersey	BROADWAY/W 147 ST
New Jersey	BROADWAY/W 149 ST
New Jersey	BROADWAY/W 150 ST
New Jersey	BROADWAY/W 151 ST
New Jersey	BROADWAY/W 152 ST
New Jersey	BROADWAY/W 153 ST
New Jersey	BROADWAY/W 155 ST
New Jersey	BROADWAY/W 157 ST
New Jersey	BROADWAY/W 159 ST
New Jersey	BROADWAY/W 160 ST
New Jersey	BROADWAY/W 161 ST
New Jersey	BROADWAY/W 162 ST
New Jersey	BROADWAY/W 163 ST
New Jersey	BROADWAY/W 164 ST
New Jersey	BROADWAY/W 165 ST
New Jersey	BROADWAY/W 167 ST
New Jersey	BROADWAY/W 168 ST
New Jersey	BROADWAY/W 170 ST
New Jersey	BROADWAY/W 171 ST
New Jersey	BROADWAY/W 172 ST
New Jersey	BROADWAY/W 173 ST
New Jersey	BROADWAY/W 174 ST
New Jersey	BROADWAY/W 175 ST
New Jersey	BROADWAY/W 176 ST
New Jersey	BROADWAY/W 178 ST
New Jersey	BROADWAY/W 3 ST
New Jersey	BROADWAY/W 61 ST
New Jersey	BROADWAY/W 63 ST
New Jersey	BROADWAY/W 64 ST
New Jersey	BROADWAY/W 66 ST
New Jersey	BROADWAY/W 68 ST
New Jersey	BROADWAY/W 69 ST
New Jersey	BROADWAY/W 70 ST
New Jersey	BROADWAY/W 72 ST
New Jersey	BROADWAY/W 73 ST
New Jersey	BROADWAY/W 74 ST
New Jersey	BROADWAY/W 75 ST
New Jersey	BROADWAY/W 76 ST
New Jersey	BROADWAY/W 79 ST
New Jersey	BROADWAY/W 82 ST
New Jersey	BROADWAY/W 84 ST
New Jersey	BROADWAY/W 86 ST
New Jersey	BROADWAY/W 88 ST
New Jersey	BROADWAY/W 90 ST
New Jersey	BROADWAY/W 91 ST
New Jersey	BROADWAY/W 92 ST
New Jersey	BROADWAY/W 93 ST
New Jersey	BROADWAY/W 94 ST
New Jersey	BROADWAY/W 97 ST
New Jersey	BROADWAY/W 99 ST
New Jersey	BROADWAY/WALKER ST
New Jersey	BROADWAY/WARREN ST
New Jersey	BROADWAY/WAVERLY PL
New Jersey	BROADWAY/WEST 105 ST
New Jersey	BROADWAY/WEST 120 ST
New Jersey	BROADWAY/WEST 57 ST
New Jersey	BROADWAY/WHITE ST
New Jersey	BROADWAY/W HOUSTON ST
New Jersey	CATHEDRAL PY/AMSTERDAM AV
New Jersey	CATHEDRAL PY/BROADWAY
New Jersey	CATHEDRAL PY/COLUMBUS AV
New Jersey	CATHEDRAL PY/FRED DOUGLASS BL
New Jersey	CATHEDRAL PY/MANHATTAN AV
New Jersey	CATHEDRAL PY/MORNINGSIDE DR
New Jersey	CENTRAL PK N/5 AV
New Jersey	CENTRAL PK N/ADAM C POWELL BL
New Jersey	CENTRAL PK N/CENTRAL PK W
New Jersey	CENTRAL PK N/MALCOLM X BL
New Jersey	CENTRAL PK S/6 AV
New Jersey	CENTRAL PK S/7 AV
New Jersey	CENTRAL PK S/AVE OF THE AMERICAS
New Jersey	CENTRAL PK S/COLUMBUS CI
New Jersey	CENTRAL PK W/CATHEDRAL PY
New Jersey	CENTRAL PK W/COLUMBUS CIR
New Jersey	CENTRAL PK W/W 100 ST
New Jersey	CENTRAL PK W/W 102 ST
New Jersey	CENTRAL PK W/W 104 ST
New Jersey	CENTRAL PK W/W 106 ST
New Jersey	CENTRAL PK W/W 108 ST
New Jersey	CENTRAL PK W/W 63 ST
New Jersey	CENTRAL PK W/W 64 ST
New Jersey	CENTRAL PK W/W 66 ST
New Jersey	CENTRAL PK W/W 68 ST
New Jersey	CENTRAL PK W/W 69 ST
New Jersey	CENTRAL PK W/W 70 ST
New Jersey	CENTRAL PK W/W 72 ST
New Jersey	CENTRAL PK W/W 74 ST
New Jersey	CENTRAL PK W/W 75 ST
New Jersey	CENTRAL PK W/W 77 ST
New Jersey	CENTRAL PK W/W 79 ST
New Jersey	CENTRAL PK W/W 81 ST
New Jersey	CENTRAL PK W/W 84 ST
New Jersey	CENTRAL PK W/W 86 ST
New Jersey	CENTRAL PK W/W 88 ST
New Jersey	CENTRAL PK W/W 90 ST
New Jersey	CENTRAL PK W/W 92 ST
New Jersey	CENTRAL PK W/W 94 ST
New Jersey	CENTRAL PK W/W 96 ST
New Jersey	CENTRAL PK W/W 97 ST
New Jersey	CENTRE ST/CHAMBERS ST
New Jersey	CHAMBERS ST/BROADWAY
New Jersey	CHAMBERS ST/CHURCH ST
New Jersey	CHAMBERS ST/GREENWICH ST
New Jersey	CHAMBERS ST/HUDSON ST
New Jersey	CHAMBERS ST/WEST ST
New Jersey	CHERRY ST/JACKSON ST
New Jersey	CHRISTOPHER ST/7 AV S
New Jersey	CHRISTOPHER ST/BLEECKER ST
New Jersey	CHRISTOPHER ST/GREENWICH AV
New Jersey	CHRISTOPHER ST/GREENWICH ST
New Jersey	CHRISTOPHER ST/HUDSON ST
New Jersey	CHRISTOPHER ST/WASHINGTON ST
New Jersey	CHRISTOPHER ST/WAVERLY PL
New Jersey	CHURCH ST/CHAMBERS ST
New Jersey	CHURCH ST/LIBERTY ST
New Jersey	CHURCH ST/VESEY ST
New Jersey	CHURCH ST/WARREN ST
New Jersey	CHURCH ST/WORTH ST
New Jersey	COLUMBIA ST/HOUSTON ST
New Jersey	COLUMBIA ST/RIVINGTON ST
New Jersey	COLUMBUS AV/CATHEDRAL PY
New Jersey	COLUMBUS AV/W 100 ST
New Jersey	COLUMBUS AV/W 102 ST
New Jersey	COLUMBUS AV/W 106 ST
New Jersey	COLUMBUS AV/W 108 ST
New Jersey	COLUMBUS AV/W 61 ST
New Jersey	COLUMBUS AV/W 63 ST
New Jersey	COLUMBUS AV/W 66 ST
New Jersey	COLUMBUS AV/W 69 ST
New Jersey	COLUMBUS AV/W 72 ST
New Jersey	COLUMBUS AV/W 75 ST
New Jersey	COLUMBUS AV/W 78 ST
New Jersey	COLUMBUS AV/W 80 ST
New Jersey	COLUMBUS AV/W 84 ST
New Jersey	COLUMBUS AV/W 86 ST
New Jersey	COLUMBUS AV/W 89 ST
New Jersey	COLUMBUS AV/W 92 ST
New Jersey	COLUMBUS AV/W 94 ST
New Jersey	COLUMBUS AV/W 97 ST
New Jersey	COLUMBUS CIR/8 AV
New Jersey	CONVENT AV/W 129 ST
New Jersey	COOPER SQ/E 6 ST
New Jersey	DELANCEY ST/COLUMBIA ST
New Jersey	DELANCEY ST/FDR DR
New Jersey	DELANCY ST/COLUMBIA ST
New Jersey	DITMARS BL/GRAND CENTRAL PY
New Jersey	E 105 ST/1 AV
New Jersey	E 105 ST/FDR DR
New Jersey	E 105 ST/FDR  DR
New Jersey	E 106 ST/1 AV
New Jersey	E 106 ST/2 AV
New Jersey	E 106 ST/3 AV
New Jersey	E 106 ST/LEXINGTON AV
New Jersey	E 106 ST/MADISON AV
New Jersey	E 10 ST/AV A
New Jersey	E 10 ST/AV B
New Jersey	E 10 ST/AV C
New Jersey	E 10 ST/AV D
New Jersey	E 110 ST/MADISON AV
New Jersey	E 116 ST/1 AV
New Jersey	E 116 ST/2 AV
New Jersey	E 116 ST/3 AV
New Jersey	E 116 ST/5 AV
New Jersey	E 116 ST/LEXINGTON AV
New Jersey	E 116 ST/MADISON AV
New Jersey	E 116 ST/PARK AV
New Jersey	E 116 ST/PLEASANT AV
New Jersey	E 124 ST/2 AV
New Jersey	E 124 ST/3 AV
New Jersey	E 125 ST/2 AV
New Jersey	E 125 ST/3 AV
New Jersey	E 125 ST/5 AV
New Jersey	E 125 ST/LEXINGTON AV
New Jersey	E 125 ST/MADISON AV
New Jersey	E 125 ST/PARK AV
New Jersey	E 126 ST/2 AV
New Jersey	E 126 ST/3 AV
New Jersey	E 135 ST/MADISON AV
New Jersey	E 14 ST/1 AV
New Jersey	E 14 ST/2 AV
New Jersey	E 14 ST/3 AV
New Jersey	E 14 ST/AV A
New Jersey	E 14 ST/AV B
New Jersey	E 14 ST/AV C
New Jersey	E 14 ST/IRVING PL
New Jersey	E 14 ST/UNION SQ W
New Jersey	E 14 ST/UNIVERSITY PL
New Jersey	E 20 ST/1 AV
New Jersey	E 20 ST/AV C
New Jersey	E 20 ST/E 20 ST OVAL
New Jersey	E 23 ST/1 AV
New Jersey	E 23 ST/2 AV
New Jersey	E 23 ST/3 AV
New Jersey	E 23 ST/AV C
New Jersey	E 23 ST/BROADWAY
New Jersey	E 23 ST/LEXINGTON AV
New Jersey	E 23 ST/LEXINGTON  AV
New Jersey	E 23 ST/PARK AV S
New Jersey	E 25 ST/PARK AV S
New Jersey	E 29 ST/1 AV
New Jersey	E 29 ST/2 AV
New Jersey	E 32 ST/5 AV
New Jersey	E 34 ST /1 AV
New Jersey	E 34 ST/1 AV
New Jersey	E 34 ST/2 AV
New Jersey	E 34 ST/3 AV
New Jersey	E 34 ST/5 AV
New Jersey	E 34 ST/PARK AV
New Jersey	E 41 ST/1 AV
New Jersey	E 42 ST/1 AV
New Jersey	E 42 ST/2 AV
New Jersey	E 42 ST/3 AV
New Jersey	E 42 ST/LEXINGTON AV
New Jersey	E 42 ST/MADISON AV
New Jersey	E 42 ST/PARK AV
New Jersey	E 49 ST/1 AV
New Jersey	E 49 ST/3 AV
New Jersey	E 49 ST/LEXINGTON AV
New Jersey	E 49 ST/MADISON AV
New Jersey	E 50 ST/2 AV
New Jersey	E 50 ST/3 AV
New Jersey	E 50 ST/5 AV
New Jersey	E 50 ST/LEXINGTON AV
New Jersey	E 50 ST/MADISON AV
New Jersey	E 55 ST/1 AV
New Jersey	E 57 ST/1 AV
New Jersey	E 57 ST/2 AV
New Jersey	E 57 ST/3 AV
New Jersey	E 57 ST/5 AV
New Jersey	E 57 ST/LEXINGTON AV
New Jersey	E 57 ST/MADISON AV
New Jersey	E 57 ST/SUTTON PL
New Jersey	E 60 ST/YORK AV
New Jersey	E 65 ST/5 AV
New Jersey	E 67 ST/1 AV
New Jersey	E 67 ST/2 AV
New Jersey	E 67 ST/3 AV
New Jersey	E 67 ST/LEXINGTON AV
New Jersey	E 67 ST/MADISON AV
New Jersey	E 67 ST/YORK AV
New Jersey	E 68 ST/1 AV
New Jersey	E 68 ST/2 AV
New Jersey	E 68 ST/3 AV
New Jersey	E 68 ST/LEXINGTON AV
New Jersey	E 68 ST/MADISON AV
New Jersey	E 72 ST/1 AV
New Jersey	E 72 ST/2 AV
New Jersey	E 72 ST/3 AV
New Jersey	E 72 ST/LEXINGTON AV
New Jersey	E 72 ST/MADISON AV
New Jersey	E 72 ST/YORK AV
New Jersey	E 79 ST/1 AV
New Jersey	E 79 ST/2 AV
New Jersey	E 79 ST/3 AV
New Jersey	E 79 ST/3rd AV
New Jersey	E 79 ST/5 AV
New Jersey	E 79 ST/EAST END AV
New Jersey	E 79 ST/LEXINGTON AV
New Jersey	E 79 ST/MADISON AV
New Jersey	E 79 ST & TRAVERSE RD
New Jersey	E 79 ST TRAVERSE RD
New Jersey	E 79 ST/YORK AV
New Jersey	E 80 ST/EAST END AV
New Jersey	E 84 ST/5 AV
New Jersey	E 86 ST/1 AV
New Jersey	E 86 ST/2 AV
New Jersey	E 86 ST/3 AV
New Jersey	E 86 ST/5 AV
New Jersey	E 86 ST/EAST END AV
New Jersey	E 86 ST/LEXINGTON AV
New Jersey	E 86 ST/LEXINGTON  AV
New Jersey	E 86 ST/MADISON AV
New Jersey	E 86 ST/YORK AV
New Jersey	E 8 ST/5 AV
New Jersey	E 8 ST/LAFAYETTE ST
New Jersey	E 8 ST/MERCER ST
New Jersey	E 8 ST/UNIVERSITY PL
New Jersey	E 91 ST/YORK AV
New Jersey	E 92 ST/YORK AV
New Jersey	E 96 ST/2 AV
New Jersey	E 96 ST/3 AV
New Jersey	E 96 ST/5 AV
New Jersey	E 96 ST/LEXINGTON AV
New Jersey	E 96 ST/MADISON AV
New Jersey	E 97 ST/1 AV
New Jersey	E 97 ST/2 AV
New Jersey	E 97 ST/5 AV
New Jersey	E 9 ST/1 AV
New Jersey	E 9 ST/2 AV
New Jersey	E 9 ST/3 AV
New Jersey	E 9 ST/4 AV
New Jersey	E 9 ST/AV A
New Jersey	E 9 ST/BROADWAY
New Jersey	E 9 ST/UNIVERSITY PL
New Jersey	EAST 24 ST/LEXINGTON AV
New Jersey	EAST 49 ST/2 Av
New Jersey	EAST 68 ST/YORK AV
New Jersey	EAST 72 ST/2 AV
New Jersey	EAST 92 ST/YORK AV
New Jersey	E BROADWAY/CATHERINE ST
New Jersey	E BROADWAY/FORSYTH ST
New Jersey	E BROADWAY/MARKET ST
New Jersey	E BROADWAY/PIKE ST
New Jersey	EDGECOMBE AV/W 155 ST
New Jersey	EDGECOMBE AV/W 158 ST
New Jersey	EDGECOMBE AV/W 160 ST
New Jersey	EDGECOMBE AV/W 162 ST
New Jersey	EDGECOMBE AV/W 164 ST
New Jersey	E HOUSTON ST/1 AV
New Jersey	E HOUSTON ST/2 AV
New Jersey	E HOUSTON ST/555 FDR DR
New Jersey	E HOUSTON ST/AV B
New Jersey	E HOUSTON ST/AV C
New Jersey	E HOUSTON ST/BARUCH DR
New Jersey	E HOUSTON ST/BOWERY
New Jersey	E HOUSTON ST/BROADWAY
New Jersey	E HOUSTON ST/CLINTON ST
New Jersey	E HOUSTON ST/COLUMBIA ST
New Jersey	E HOUSTON ST/CROSBY ST
New Jersey	E HOUSTON ST/E 1 ST
New Jersey	 E HOUSTON ST/ELDERIDGE ST
New Jersey	E HOUSTON ST/ESSEX ST
New Jersey	E HOUSTON ST/MANGIN ST
New Jersey	E HOUSTON ST/MOTT ST
New Jersey	E HOUSTON ST/NORFOLK ST
New Jersey	E HOUSTON ST/RIDGE ST
New Jersey	ESSEX ST/CANAL ST
New Jersey	ESSEX ST/DELANCEY ST
New Jersey	ESSEX ST/ E BROADWAY
New Jersey	ESSEX ST/E HOUSTON ST
New Jersey	ESSEX ST/GRAND ST
New Jersey	ESSEX ST/RIVINGTON ST
New Jersey	FERRY TERMINAL/FDR DR
New Jersey	FERRY TERMINAL/FDR DRIVE
New Jersey	FRANKFORT ST/PEARL ST
New Jersey	FRANKFORT ST/WILLIAM ST
New Jersey	FRED DOUGLASS BL/CATHEDRAL PY
New Jersey	FRED DOUGLASS BL/MACOMBS PL
New Jersey	FRED DOUGLASS BL/W 111 ST
New Jersey	FRED DOUGLASS BL/W 112 ST
New Jersey	FRED DOUGLASS BL/W 113 ST
New Jersey	FRED DOUGLASS BL/W 116 ST
New Jersey	FRED DOUGLASS BL/W 119 ST
New Jersey	FRED DOUGLASS BL/W 121 ST
New Jersey	FRED DOUGLASS BL/W 123 ST
New Jersey	FRED DOUGLASS BL/W 125 ST
New Jersey	FRED DOUGLASS BL/W 127 ST
New Jersey	FRED DOUGLASS BL/W 128 ST
New Jersey	FRED DOUGLASS BL/W 129 ST
New Jersey	FRED DOUGLASS BL/W 131 ST
New Jersey	FRED DOUGLASS BL/W 133 ST
New Jersey	FRED DOUGLASS BL/W 135 ST
New Jersey	FRED DOUGLASS BL/W 138 ST
New Jersey	FRED DOUGLASS BL/W 140 ST
New Jersey	FRED DOUGLASS BL/W 141 ST
New Jersey	FRED DOUGLASS BL/W 142 ST
New Jersey	FRED DOUGLASS BL/W 143 ST
New Jersey	FRED DOUGLASS BL/W 145 ST
New Jersey	FRED DOUGLASS BL/W 147 ST
New Jersey	FRED DOUGLASS BL/W 148 ST
New Jersey	FRED DOUGLASS BL/W 150 ST
New Jersey	FRED DOUGLASS BL/W 152 ST
New Jersey	FRED DOUGLASS BL/W 153 ST
New Jersey	FRED DOUGLASS BL/W 154 ST
New Jersey	FRED DOUGLASS BL/W 155 ST
New Jersey	FRED DOUGLASS BL/W 158 ST
New Jersey	FREDERICK DOUGLASS BL/114 ST
New Jersey	FREDERICK DOUGLASS BL/125 ST
New Jersey	FREDERICK DOUGLASS BL/W 116 ST
New Jersey	FREDERICK DOUGLASS/W 121 ST
New Jersey	FT GEORGE AV/66 FORT GEORGE AV
New Jersey	FT GEORGE AV/66 FT GEORGE AV
New Jersey	FT TRYON PARK/CAFE LOT
New Jersey	FT TRYON PARK/OPP CAFE LOT
New Jersey	FT WASHINGTON AV/CABRINI BL
New Jersey	FT WASHINGTON AV/W 160 ST
New Jersey	FT WASHINGTON AV/W 162 ST
New Jersey	FT WASHINGTON AV/W 164 ST
New Jersey	FT WASHINGTON AV/W 165 ST
New Jersey	FT WASHINGTON AV/W 168 ST
New Jersey	FT WASHINGTON AV/W 170 ST
New Jersey	FT WASHINGTON AV/W 171 ST
New Jersey	FT WASHINGTON AV/W 172 ST
New Jersey	FT WASHINGTON AV/W 173 ST
New Jersey	FT WASHINGTON AV/W 174 ST
New Jersey	FT WASHINGTON AV/W 175 ST
New Jersey	FT WASHINGTON AV/W 177 ST
New Jersey	FT WASHINGTON AV/W 181 ST
New Jersey	FT WASHINGTON AV/W 183 ST
New Jersey	FT WASHINGTON AV/W 185 ST
New Jersey	FT WASHINGTON AV/W 187 ST
New Jersey	FT WASHINGTON AV/W 190 ST
New Jersey	GRAND ST/ABRAHAM KAZAN ST
New Jersey	GRAND ST/CLINTON ST
New Jersey	GRAND ST/EAST BROADWAY
New Jersey	GRAND ST/ESSEX ST
New Jersey	GRAND ST/FDR DR
New Jersey	GRAND ST/FDR DRIVE
New Jersey	GRAND ST/JACKSON ST
New Jersey	GRAND ST/PITT ST
New Jersey	GREENWICH AV/CHRISTOPHER ST
New Jersey	GREENWICH ST/HORATIO ST
New Jersey	GREENWICH ST/MORRIS ST
New Jersey	HARRISON ST/HUDSON ST
New Jersey	HARRISON ST/WEST ST
New Jersey	HOYT AV/31 ST
New Jersey	HUDSON ST/BARROW ST
New Jersey	HUDSON ST/BETHUNE ST
New Jersey	HUDSON ST/CHARLTON ST
New Jersey	HUDSON ST/CHRISTOPHER ST
New Jersey	HUDSON ST / HORATIO ST
New Jersey	HUDSON ST/LAIGHT ST
New Jersey	HUDSON ST/PERRY ST
New Jersey	HUDSON ST/SPRING ST
New Jersey	HUDSON ST/W 12 ST
New Jersey	HUDSON ST/W 14 ST
New Jersey	HUDSON ST/WEST 13 ST
New Jersey	HUDSON ST/W HOUSTON ST
New Jersey	JACKSON ST/MADISON ST
New Jersey	LAGUARDIA INTERNAL RDY/PARKING LOT #1
New Jersey	LEWIS ST/Delancy (not used)
New Jersey	LEWIS ST/GRAND ST
New Jersey	LEXINGTON AV/E 100 ST
New Jersey	LEXINGTON AV/E 102 ST
New Jersey	LEXINGTON AV/E 104 ST
New Jersey	LEXINGTON AV/E 106 ST
New Jersey	LEXINGTON AV/E 110 ST
New Jersey	LEXINGTON AV/E 114 ST
New Jersey	LEXINGTON AV/E 116 ST
New Jersey	LEXINGTON AV/E 119 ST
New Jersey	LEXINGTON AV/E 122 ST
New Jersey	LEXINGTON AV/E 124 ST
New Jersey	LEXINGTON AV/E 125 ST
New Jersey	LEXINGTON AV/E 26 ST
New Jersey	LEXINGTON AV/E 28 ST
New Jersey	LEXINGTON AV/E 31 ST
New Jersey	LEXINGTON AV/E 34 ST
New Jersey	LEXINGTON AV/E 37 ST
New Jersey	LEXINGTON AV/E 40 ST
New Jersey	LEXINGTON AV/E 42 ST
New Jersey	LEXINGTON AV/E 45 ST
New Jersey	LEXINGTON AV/E 47 ST
New Jersey	LEXINGTON AV/E 49 ST
New Jersey	LEXINGTON AV/E 50 ST
New Jersey	LEXINGTON AV/E 52 ST
New Jersey	LEXINGTON AV/E 56 ST
New Jersey	LEXINGTON AV/E 59 ST
New Jersey	LEXINGTON AV/E 62 ST
New Jersey	LEXINGTON AV/E 64 ST
New Jersey	LEXINGTON AV/E 68 ST
New Jersey	LEXINGTON AV/E 70 ST
New Jersey	LEXINGTON AV/E 72 ST
New Jersey	LEXINGTON AV/E 74 ST
New Jersey	LEXINGTON AV/E 77 ST
New Jersey	LEXINGTON AV/E 79 ST
New Jersey	LEXINGTON AV/E 83 ST
New Jersey	LEXINGTON AV/E 86 ST
New Jersey	LEXINGTON AV/E 89 ST
New Jersey	LEXINGTON AV/E 92 ST
New Jersey	LEXINGTON AV/E 94 ST
New Jersey	LEXINGTON AV/E 96 ST
New Jersey	LEXINGTON AV/E 98 ST
New Jersey	LGA INTERNAL ROADWAY/TERMINAL B
New Jersey	LGA INTERNAL RY/TERMINAL D
New Jersey	LGA/TERMINAL D
New Jersey	MADISON AV/E 101 ST
New Jersey	MADISON AV/E 102 ST
New Jersey	MADISON AV/E 104 ST
New Jersey	MADISON AV/E 106 ST
New Jersey	MADISON AV/E 107 ST
New Jersey	MADISON AV/E 109 ST
New Jersey	MADISON AV/E 111 ST
New Jersey	MADISON AV/E 114 ST
New Jersey	MADISON AV/E 115 ST
New Jersey	MADISON AV/E 118 ST
New Jersey	MADISON AV/E 121 ST
New Jersey	MADISON AV/E 123 ST
New Jersey	MADISON AV/E 125 ST
New Jersey	MADISON AV/E 127 ST
New Jersey	MADISON AV/E 129 ST
New Jersey	MADISON AV/E 132 ST
New Jersey	MADISON AV/E 30 ST
New Jersey	MADISON AV/E 32 ST
New Jersey	MADISON AV/E 42 ST
New Jersey	MADISON AV/E 57 ST
New Jersey	MADISON AV/E 65 ST
New Jersey	MADISON AV/E 66 ST
New Jersey	MADISON AV/E 67 ST
New Jersey	MADISON AV/E 69 ST
New Jersey	MADISON AV/E 72 ST
New Jersey	MADISON AV/E 75 ST
New Jersey	MADISON AV/E 77 ST
New Jersey	MADISON AV/E 79 ST
New Jersey	MADISON AV/E 83 ST
New Jersey	MADISON AV/E 86 ST
New Jersey	MADISON AV/E 89 ST
New Jersey	MADISON AV/E 91 ST
New Jersey	MADISON AV/E 93 ST
New Jersey	MADISON AV/E 95 ST
New Jersey	MADISON AV/E 98 ST
New Jersey	MADISON AV/EAST 28 ST
New Jersey	MADISON AV/EAST 34 - 35 ST
New Jersey	MADISON AV/EAST 37 - 38 ST
New Jersey	MADISON AV/EAST 40 - 41 ST
New Jersey	MADISON AV/EAST 45 - 46 ST
New Jersey	MADISON AV/EAST 47 - 48 ST
New Jersey	MADISON AV/EAST 49 - 50 ST
New Jersey	MADISON AV/EAST 52 - 53 ST
New Jersey	MADISON AV/EAST 55 - 56 ST
New Jersey	MADISON AV/EAST 60 - 61 ST
New Jersey	MADISON AV/EAST 63 ST
New Jersey	MADISON ST/CATHERINE ST
New Jersey	MADISON ST/CLINTON ST
New Jersey	MADISON ST/GOUVERNEUR ST
New Jersey	MADISON ST/GRAND ST
New Jersey	MADISON ST/JACKSON ST
New Jersey	MADISON ST/JEFFERSON ST
New Jersey	MADISON ST/MARKET ST
New Jersey	MADISON ST/MONTGOMERY ST
New Jersey	MADISON ST/OLIVER ST
New Jersey	MADISON ST/PIKE ST
New Jersey	MADISON ST/RUTGERS ST
New Jersey	MADISON ST/ST JAMES PL
New Jersey	MAIN RDWY/T.B.T.A.
New Jersey	MAIN RDY/AFTER EXIT RAMP
New Jersey	MAIN RDY/CLARKE THOMAS BLDG
New Jersey	MAIN RDY/ICAHN STADIUM
New Jersey	MAIN RDY/OPP CLARKE THOMAS BLDG
New Jersey	MAIN RDY/OPP GOLF CTR PARKING
New Jersey	MAIN RDY/OPP PARK & RECREATION
New Jersey	MAIN ROADWAY/ MANHATTAN PSYC CTR
New Jersey	MAIN ROADWAY/SUNKEN GARDEN
New Jersey	MAIN RWDY/OPP ICAHN STADIUM
New Jersey	MAIN RWDY/OPP MANHATTAN PSYC CTR
New Jersey	MAIN RWDY/TENNIS CENTER
New Jersey	MALCOLM X BL / W 116 ST
New Jersey	MALCOLM X BL/W 119 ST
New Jersey	MALCOLM X BL/W 122 ST
New Jersey	MALCOLM X BL/W 124 ST
New Jersey	MALCOLM X BL/W 125 ST
New Jersey	MALCOLM X BL/W 127 ST
New Jersey	MALCOLM X BL/W 129 ST
New Jersey	MALCOLM X BL/W 132 ST
New Jersey	MALCOLM X BL/W 135 ST
New Jersey	MALCOLM X BL/W 137 ST
New Jersey	MALCOLM X BL/W 139 ST
New Jersey	MALCOLM X BL/W 142 ST
New Jersey	MALCOLM X BL/W 145 ST
New Jersey	MALCOLM X BL/W 146 ST
New Jersey	MALCOLM X B / W 119 ST
New Jersey	MANHATTAN AV/CATHEDRAL PY
New Jersey	MANHATTAN AV/W 106 ST
New Jersey	MANHATTAN AV/W 108 ST
New Jersey	MANHATTAN AV/W 109 ST
New Jersey	MANHATTAN AV/W 111 ST
New Jersey	MANHATTAN AV/W 112 ST
New Jersey	MANHATTAN AV/W 113 ST
New Jersey	MANHATTAN AV/W 114 ST
New Jersey	MANHATTAN AV/W 116 ST
New Jersey	MANHATTAN AV/W 119 ST
New Jersey	MANHATTAN AV/W 121 ST
New Jersey	MANHATTAN AV/W 122 ST
New Jersey	MARGARET CORBIN DR/CLOISTERS
New Jersey	MARINE TERMINAL RDY/MARINE AIR TERMINAL
New Jersey	MORNINGSIDE AV/W 125 ST
New Jersey	MT MORRIS PK W/W 121 ST
New Jersey	MT MORRIS PK W/W 124 ST
New Jersey	MURRAY ST/CHURCH ST
New Jersey	MURRAY ST/GREENWICH ST
New Jersey	MURRAY ST/NORTH END AV
New Jersey	NORTH END AV/WARREN ST
New Jersey	PARK AV/E 125 ST
New Jersey	PARK AV S/E 18 ST
New Jersey	PARK AV S/E 21 ST
New Jersey	PARK AV S/E 23 ST
New Jersey	PARK ROW/BEEKMAN ST
New Jersey	PARK ROW/SPRUCE ST
New Jersey	PARK ROW/ST JAMES PL
New Jersey	PARK ROW/WORTH ST
New Jersey	PEARL ST/FRANKFORT ST
New Jersey	PEARL ST/FULTON ST
New Jersey	PEARL ST / PEARL ST
New Jersey	PEARL ST/PECK SLIP
New Jersey	PEARL ST/R F WAGNER SR PL
New Jersey	PIKE ST/CHERRY ST
New Jersey	PIKE ST/DIVISION ST
New Jersey	PIKE ST/MADISON ST
New Jersey	PLEASANT AV/E 117 ST
New Jersey	PLEASANT AV/E 120 ST
New Jersey	RIVERBANK ST PARK/BAY 1
New Jersey	RIVERBANK ST PK/CULTURAL CTR
New Jersey	RIVERSIDE BL/W 69 ST
New Jersey	RIVERSIDE DR/TIEMANN PL
New Jersey	RIVERSIDE DR/W 100 ST
New Jersey	RIVERSIDE DR/W 103 ST
New Jersey	RIVERSIDE DR/W 104 ST
New Jersey	RIVERSIDE DR/W 106 ST
New Jersey	RIVERSIDE DR/W 108 ST
New Jersey	RIVERSIDE DR/W 112 ST
New Jersey	RIVERSIDE DR/W 114 ST
New Jersey	RIVERSIDE DR/W 116 ST
New Jersey	RIVERSIDE DR/W 118 ST
New Jersey	RIVERSIDE DR/W 119 ST
New Jersey	RIVERSIDE DR/W 120 ST
New Jersey	RIVERSIDE DR/W 122 ST
New Jersey	RIVERSIDE DR/W 137 ST
New Jersey	RIVERSIDE DR/W 139 ST
New Jersey	RIVERSIDE DR/W 142 ST
New Jersey	RIVERSIDE DR/W 144 ST
New Jersey	RIVERSIDE DR/W 145 ST
New Jersey	RIVERSIDE DR/W 73 ST
New Jersey	RIVERSIDE DR/W 74 ST
New Jersey	RIVERSIDE DR/W 76 ST
New Jersey	RIVERSIDE DR/W 77 ST
New Jersey	RIVERSIDE DR/W 79 ST
New Jersey	RIVERSIDE DR/W 80 ST
New Jersey	RIVERSIDE DR/W 82 ST
New Jersey	RIVERSIDE DR/W 84 ST
New Jersey	RIVERSIDE DR/W 85 ST
New Jersey	RIVERSIDE DR/W 86 ST
New Jersey	RIVERSIDE DR/W 87 ST
New Jersey	RIVERSIDE DR/W 89 ST
New Jersey	RIVERSIDE DR/W 91 ST
New Jersey	RIVERSIDE DR/W 94 ST
New Jersey	RIVERSIDE DR/W 97 ST
New Jersey	SOUTH END AV/ALBANY ST
New Jersey	SOUTH END AV/GATEWAY PLAZA
New Jersey	SOUTH FERRY/TERMINAL
New Jersey	SOUTH ST/WHITEHALL ST
New Jersey	SPRING ST/GREENWICH ST
New Jersey	SPRING ST/HUDSON ST
New Jersey	STATE ST/BRIDGE ST
New Jersey	STATE ST/WHITEHALL ST
New Jersey	ST MARKS PL/1 AV
New Jersey	ST MARKS PL/2 AV
New Jersey	ST MARKS PL/3 AV
New Jersey	ST MARKS PL/AV A
New Jersey	ST NICHOLAS AV/W 124 ST
New Jersey	ST NICHOLAS AV/W 125 ST
New Jersey	ST NICHOLAS AV/W 127 ST
New Jersey	ST NICHOLAS AV/W 128 ST
New Jersey	ST NICHOLAS AV/W 130 ST
New Jersey	ST NICHOLAS AV/W 133 ST
New Jersey	ST NICHOLAS AV/W 135 ST
New Jersey	ST NICHOLAS AV/W 137 ST
New Jersey	ST NICHOLAS AV/W 138 ST
New Jersey	ST NICHOLAS AV/W 139 ST
New Jersey	ST NICHOLAS AV/W 141 ST
New Jersey	ST NICHOLAS AV/W 142 ST
New Jersey	ST NICHOLAS AV/W 144 ST
New Jersey	ST NICHOLAS AV/W 145 ST
New Jersey	ST NICHOLAS AV/W 147 ST
New Jersey	ST NICHOLAS AV/W 148 ST
New Jersey	ST NICHOLAS AV/W 150 ST
New Jersey	ST NICHOLAS AV/W 151 ST
New Jersey	ST NICHOLAS AV/W 152 ST
New Jersey	ST NICHOLAS AV/W 153 ST
New Jersey	ST NICHOLAS AV/W 162 ST
New Jersey	ST NICHOLAS AV/W 163 ST
New Jersey	ST NICHOLAS AV/W 164 ST
New Jersey	ST NICHOLAS AV/W 165 ST
New Jersey	ST NICHOLAS AV/W 167 ST
New Jersey	ST NICHOLAS AV/W 170 ST
New Jersey	ST NICHOLAS AV/W 172 ST
New Jersey	ST NICHOLAS AV/W 173 ST
New Jersey	ST NICHOLAS AV/W 174 ST
New Jersey	ST NICHOLAS AV/W 176 ST
New Jersey	ST NICHOLAS AV/W 178 ST
New Jersey	ST NICHOLAS AV/W 179 ST
New Jersey	ST NICHOLAS AV/W 181 ST
New Jersey	ST NICHOLAS AV/W 184 ST
New Jersey	ST NICHOLAS AV/W 187 ST
New Jersey	ST NICHOLAS AV/W 190 ST
New Jersey	ST NICHOLAS AV/W 192 ST
New Jersey	ST NICHOLAS AV/W 193 ST
New Jersey	ST NICOLAS AV/FORT GEORGE HILL
New Jersey	SUNKEN GARDEN LOOP/CHARLES H GAY CTR
New Jersey	SUTTON PLACE/E 55 ST
New Jersey	SUTTON PL/E 58 ST
New Jersey	SUTTON PL/SUTTON SQ
New Jersey	TERMINAL C/STOP 1
New Jersey	TRINITY PL/RECTOR ST
New Jersey	UNION SQ E/E 15 ST
New Jersey	VARICK ST/CHARLTON ST
New Jersey	VARICK ST/NORTH MOORE ST
New Jersey	VARICK ST/WATTS ST
New Jersey	VESEY ST/NORTH END AV
New Jersey	W 106 ST/AMSTERDAM AV
New Jersey	W 106 ST/BROADWAY
New Jersey	W 106 ST/COLUMBUS AV
New Jersey	W 10 ST/7 AV S
New Jersey	W 10 ST/BLEECKER ST
New Jersey	W 10 ST/GREENWICH ST
New Jersey	W 10 ST/HUDSON ST
New Jersey	W 10 ST/WASHINGTON ST
New Jersey	W 10 ST/WAVERLY PL
New Jersey	W 116 ST/5 AV
New Jersey	W 116 ST/ADAM C POWELL BL
New Jersey	W 116 ST/FRED DOUGLASS BL
New Jersey	W 116 ST/MALCOLM X BL
New Jersey	W 116 ST/ST NICHOLAS AV
New Jersey	W 120 ST/5 AV
New Jersey	W 125 ST/5 AV
New Jersey	W 125 ST/ADAM C POWELL BL
New Jersey	W 125 ST/AMSTERDAM AV
New Jersey	W 125 ST/FRED DOUGLASS BL
New Jersey	W 125 ST/MALCOLM X BL
New Jersey	W 125 ST/MALCOLM X  BL
New Jersey	W 125 ST/MORNINGSIDE AV
New Jersey	W 125 ST/OLD BROADWAY
New Jersey	W 125 ST/ST NICHOLAS AV
New Jersey	W 133 ST/AMSTERDAM AV
New Jersey	W 135 ST/AMSTERDAM AV
New Jersey	W 135 ST/BROADWAY
New Jersey	W 135 ST/RIVERSIDE DR
New Jersey	W 139 ST/5 AV
New Jersey	W 139 ST/MALCOLM X BL
New Jersey	W 146 ST/MALCOLM X BL
New Jersey	W 146 ST/MALCOLM X  BLVD
New Jersey	W 147 ST/ADAM C POWELL BL
New Jersey	W 147 ST/MALCOLM X BL
New Jersey	W 14 ST/5 AV
New Jersey	W 14 ST/6 AV
New Jersey	W 14 ST/7 AV
New Jersey	W 14 ST/8 AV
New Jersey	W 14 ST/9 AV
New Jersey	W 14 ST/HUDSON ST
New Jersey	W 14 ST/WASHINGTON ST
New Jersey	W 155 ST/AMSTERDAM AV
New Jersey	W 155 ST/EDGECOMBE AV
New Jersey	W 155 ST/MACOMBS PL
New Jersey	W 155 ST/ST NICHOLAS AV
New Jersey	W 165 ST/AMSTERDAM AV
New Jersey	W 166 ST/ST NICHOLAS AV
New Jersey	W 168 ST/AUDUBON AV
New Jersey	W 178 ST/AUDUBON AV
New Jersey	W 178 ST/BROADWAY
New Jersey	W 178 ST/BROADWAY (M5 last stop)
New Jersey	W 178 ST/ST NICHOLAS AV
New Jersey	W 179 ST/AMSTERDAM AV
New Jersey	W 179 ST/BROADWAY
New Jersey	W 179 ST/ST NICHOLAS AV
New Jersey	W 179 ST/WADSWORTH AV
New Jersey	W 18 ST / 10 AV
New Jersey	W 18 ST/11 AV
New Jersey	W 23 ST/10 AV
New Jersey	W 23 ST/11 AV
New Jersey	W 23 ST/5 AV
New Jersey	W 23 ST/7 AV
New Jersey	W 23 ST/8 AV
New Jersey	W 23 ST/9 AV
New Jersey	W 23 ST/AV OF THE AMERICAS
New Jersey	W 24 St/11 AV
New Jersey	W 24 ST/12 AV
New Jersey	W 32 ST/7 AV
New Jersey	W 32 ST/AV OF THE AMERICAS
New Jersey	W 34 ST/10 AV
New Jersey	W 34 ST/11 AV
New Jersey	W 34 ST/12 AV
New Jersey	W 34 ST/5 AV
New Jersey	W 34 ST/7 AV
New Jersey	W 34 ST/8 AV
New Jersey	W 34 ST/9 AV
New Jersey	W 34 ST/BROADWAY
New Jersey	W 34 ST/DYER AV
New Jersey	W 41 ST/8 AV
New Jersey	W 42 ST/10 AV
New Jersey	W 42 ST/11 AV
New Jersey	W 42 ST/12 AV
New Jersey	W 42 ST/5 AV
New Jersey	W 42 ST/6TH AVENUE
New Jersey	W 42 ST/7 AV
New Jersey	W 42 ST/8 AV
New Jersey	W 42 ST/9 AV
New Jersey	W 42 ST/AV OF THE AMERICAS
New Jersey	W 42 ST/BROADWAY
New Jersey	W 43 ST/8 AV
New Jersey	W 43 ST/9 AV
New Jersey	W 49 ST/10 AV
New Jersey	W 49 ST/11 AV
New Jersey	W 49 ST/12 AV
New Jersey	W 49 ST/5 AV
New Jersey	W 49 ST/7 AV
New Jersey	W 49 ST/8 AV
New Jersey	W 49 ST/9 AV
New Jersey	W 49 ST/AV OF THE AMERICAS
New Jersey	W 50 ST/10 AV
New Jersey	W 50 ST/11 AV
New Jersey	W 50 ST/12 AV
New Jersey	W 50 ST/7 AV
New Jersey	W 50 ST/8 AV
New Jersey	W 50 ST/9 AV
New Jersey	W 50 ST/AV OF THE AMERICAS
New Jersey	W 54 ST/11 AV
New Jersey	W 57 ST/10 AV
New Jersey	W 57 ST/11 AV
New Jersey	W 57 ST/5 AV
New Jersey	W 57 ST/7 AV
New Jersey	W 57 ST/8 AV
New Jersey	W 57 ST/9 AV
New Jersey	W 57 ST/AV OF THE AMERICAS
New Jersey	W 57 ST/BROADWAY
New Jersey	W 58 St/7 AV
New Jersey	W 65 ST/AMSTERDAM AV
New Jersey	W 65 ST/BROADWAY
New Jersey	W 65 ST/CENTRAL PK W
New Jersey	W 65 ST/COLUMBUS AV
New Jersey	W 65 ST/WEST END AV
New Jersey	W 66 ST/AMSTERDAM AV
New Jersey	W 66 ST/BROADWAY
New Jersey	W 66 ST/CENTRAL PK W
New Jersey	W 66 ST/COLUMBUS AV
New Jersey	W 66 ST/FREEDOM PL
New Jersey	W 66 ST/WEST END AV
New Jersey	W 70 ST/FREEDOM PL
New Jersey	W 70 ST/WEST END AV
New Jersey	W 72 ST/AMSTERDAM AV
New Jersey	W 72 ST/BROADWAY
New Jersey	W 72 ST/CENTRAL PK W
New Jersey	W 72 ST/COLUMBUS AV
New Jersey	W 72 ST/WEST END AV
New Jersey	W 79 ST/AMSTERDAM AV
New Jersey	W 79 ST/BROADWAY
New Jersey	W 79 ST/RIVERSIDE DR
New Jersey	W 81ST/AMSTERDAM AV
New Jersey	W 81 ST/CENTRAL PK W
New Jersey	W 81 ST/COLUMBUS AV
New Jersey	W 86 ST/AMSTERDAM AV
New Jersey	W 86 ST/BROADWAY
New Jersey	W 86 ST/CENTRAL PK W
New Jersey	W 86 ST/COLUMBUS AV
New Jersey	W 86 ST/TRAVERSE RD
New Jersey	W 87 ST/WEST END AV
New Jersey	W 8 ST/5 AV
New Jersey	W 8 ST/AV OF THE AMERICAS
New Jersey	W 96 ST/AMSTERDAM AV
New Jersey	W 96 ST/BROADWAY
New Jersey	W 96 ST/CENTRAL PK W
New Jersey	W 96 ST/COLUMBUS AV
New Jersey	W 96 ST/WEST END AV
New Jersey	W 97 ST/WEST END AV
New Jersey	W 9 ST/5 AV
New Jersey	W 9 ST/AV OF THE AMERICAS
New Jersey	WARREN ST/BROADWAY
New Jersey	WARREN ST/CHURCH ST
New Jersey	WARREN ST/GREENWICH ST
New Jersey	WARREN ST/WEST ST
New Jersey	WASHINGTON ST/W HOUSTON ST
New Jersey	WATERSIDE/WATERSIDE
New Jersey	WATERSIDE/WATERSIDE 1
New Jersey	WATERSIDE/WATERSIDE 2
New Jersey	WATER ST/BROAD ST
New Jersey	WATER ST/FLETCHER ST
New Jersey	WATER ST/GOUVERNEUR LA
New Jersey	WATER ST/HANOVER SQ
New Jersey	WATER ST/JOHN ST
New Jersey	WATER ST/MAIDEN LA
New Jersey	WATER ST/OLD SLIP
New Jersey	WATER ST/WALL ST
New Jersey	W BROADWAY/DUANE ST
New Jersey	WEST 66 ST/FREEDOM PL
New Jersey	WEST END AV/W 59 ST
New Jersey	WEST END AV/W 61 ST
New Jersey	WEST END AV/W 63 ST
New Jersey	WEST END AV/W 64 ST
New Jersey	WEST END AV/W 66 ST
New Jersey	WEST END AV/W 69 ST
New Jersey	WEST END AV/W 72 ST
New Jersey	WEST END AV/WEST 70 ST
New Jersey	WEST ST/CHAMBERS ST
New Jersey	WEST ST/CHRISTOPHER ST
New Jersey	west st/liberty st
New Jersey	WEST THAMES ST/SOUTH END AV
New Jersey	W HOUSTON ST/AV OF THE AMERICAS
New Jersey	W HOUSTON ST/GREENE ST
New Jersey	W HOUSTON ST/HUDSON ST
New Jersey	W HOUSTON ST/LA GUARDIA PL
New Jersey	W HOUSTON ST/SULLIVAN ST
New Jersey	W HOUSTON ST/VARICK ST
New Jersey	W HOUSTON ST/W BROADWAY
New Jersey	WORTH ST/CENTRE ST
New Jersey	WORTH ST/MOTT ST
New Jersey	YORK AV/E 60 ST
New Jersey	YORK AV/E 62 ST
New Jersey	YORK AV/E 63 ST
New Jersey	YORK AV/E 64 ST
New Jersey	YORK AV/E 66 ST
New Jersey	YORK AV/E 67 ST
New Jersey	YORK AV/E 69 ST
New Jersey	YORK AV/E 72 ST
New Jersey	YORK AV/E 74 ST
New Jersey	YORK AV/E 76 ST
New Jersey	YORK AV/E 77 ST
New Jersey	YORK AV/E 79 ST
New Jersey	YORK AV/E 82 ST
New Jersey	YORK AV/E 84 ST
New Jersey	YORK AV/E 86 ST
New Jersey	YORK AV/E 87 ST
New Jersey	YORK AV/E 88 ST
New Jersey	YORK AV/E 91 ST
New York	103 St
New York	103 St - Corona Plaza
New York	104 St
New York	110 St
New York	111 St
New York	116 St
New York	116 St - Columbia University
New York	121 St
New York	125 St
New York	135 St
New York	137 St - City College
New York	138 St - Grand Concourse
New York	145 St
New York	149 St - Grand Concourse
New York	14 St
New York	14 St - Union Sq
New York	155 St
New York	157 St
New York	15 St - Prospect Park
New York	161 St - Yankee Stadium
New York	163 St - Amsterdam Av
New York	167 St
New York	168 St
New York	168 St - Washington Hts
New York	169 St
New York	170 St
New York	174-175 Sts
New York	174 St
New York	175 St
New York	176 St
New York	181 St
New York	182-183 Sts
New York	183 St
New York	18 Av
New York	18 St
New York	190 St
New York	191 St
New York	1 Av
New York	207 St
New York	20 Av
New York	215 St
New York	219 St
New York	21 St
New York	21 St - Queensbridge
New York	225 St
New York	231 St
New York	233 St
New York	238 St
New York	23 St
New York	25 Av
New York	25 St
New York	28 St
New York	2 Av
New York	30 Av
New York	33 St
New York	34 St - Herald Sq
New York	34 St - Penn Station
New York	36 Av
New York	36 St
New York	39 Av
New York	3 Av
New York	3 Av - 138 St
New York	3 Av - 149 St
New York	40 St
New York	42 St - Bryant Pk
New York	42 St - Port Authority Bus Terminal
New York	45 St
New York	46 St
New York	47-50 Sts - Rockefeller Ctr
New York	49 St
New York	4 Av
New York	50 St
New York	51 St
New York	52 St
New York	53 St
New York	55 St
New York	57 St
New York	57 St - 7 Av
New York	59 St
New York	59 St - Columbus Circle
New York	5 Av
New York	5 Av/53 St
New York	5 Av/59 St
New York	62 St
New York	63 Dr - Rego Park
New York	65 St
New York	66 St - Lincoln Center
New York	67 Av
New York	68 St - Hunter College
New York	69 St
New York	6 Av
New York	71 St
New York	72 St
New York	74 St - Broadway
New York	75 Av
New York	75 St
New York	77 St
New York	79 St
New York	7 Av
New York	80 St
New York	81 St - Museum of Natural History
New York	82 St - Jackson Hts
New York	85 St - Forest Pkwy
New York	86 St
New York	88 St
New York	8 Av
New York	8 St - NYU
New York	90 St - Elmhurst Av
New York	96 St
New York	9 Av
New York	9 St
New York	Alabama Av
New York	Allerton Av
New York	Annadale
New York	Aqueduct - N Conduit Av
New York	Aqueduct Racetrack
New York	Astoria Blvd
New York	Astoria - Ditmars Blvd
New York	Astor Pl
New York	Atlantic
New York	Atlantic Av
New York	Atlantic Av - Barclays Ctr
New York	Avenue H
New York	Avenue I
New York	Avenue J
New York	Avenue M
New York	Avenue N
New York	Avenue P
New York	Avenue U
New York	Avenue X
New York	Bay 50 St
New York	Baychester Av
New York	Bay Pkwy
New York	Bay Ridge - 95 St
New York	Bay Ridge Av
New York	Bay Terrace
New York	Beach 105 St
New York	Beach 25 St
New York	Beach 36 St
New York	Beach 44 St
New York	Beach 60 St
New York	Beach 67 St
New York	Beach 90 St
New York	Beach 98 St
New York	Bedford Av
New York	Bedford - Nostrand Avs
New York	Bedford Park Blvd
New York	Bedford Park Blvd - Lehman College
New York	Bergen St
New York	Beverly Rd
New York	Bleecker St
New York	Borough Hall
New York	Botanic Garden
New York	Bowery
New York	Bowling Green
New York	Briarwood - Van Wyck Blvd
New York	Brighton Beach
New York	Broad Channel
New York	Broad St
New York	Broadway
New York	Broadway Jct
New York	Broadway-Lafayette St
New York	Bronx Park East
New York	Brook Av
New York	Brooklyn Bridge - City Hall
New York	Buhre Av
New York	Burke Av
New York	Burnside Av
New York	Bushwick Av - Aberdeen St
New York	Canal St
New York	Canarsie - Rockaway Pkwy
New York	Carroll St
New York	Castle Hill Av
New York	Cathedral Pkwy
New York	Cathedral Pkwy (110 St)
New York	Central Av
New York	Central Park North (110 St)
New York	Chambers St
New York	Chauncey St
New York	Christopher St - Sheridan Sq
New York	Church Av
New York	City Hall
New York	Clark St
New York	Classon Av
New York	Cleveland St
New York	Clifton
New York	Clinton - Washington Avs
New York	Coney Island - Stillwell Av
New York	Cortelyou Rd
New York	Cortlandt St
New York	Court Sq
New York	Court St
New York	Crescent St
New York	Crown Hts - Utica Av
New York	Cypress Av
New York	Cypress Hills
New York	DeKalb Av
New York	Delancey St
New York	Ditmas Av
New York	Dongan Hills
New York	Dyckman St
New York	E 105 St
New York	E 143 St - St Mary's St
New York	E 149 St
New York	E 180 St
New York	East Broadway
New York	Eastchester - Dyre Av
New York	Eastern Pkwy - Brooklyn Museum
New York	Elder Av
New York	Elmhurst Av
New York	Eltingville
New York	Essex St
New York	Euclid Av
New York	Far Rockaway - Mott Av
New York	Flatbush Av - Brooklyn College
New York	Flushing Av
New York	Flushing - Main St
New York	Fordham Rd
New York	Forest Av
New York	Forest Hills - 71 Av
New York	Fort Hamilton Pkwy
New York	Franklin Av
New York	Franklin St
New York	Freeman St
New York	Fresh Pond Rd
New York	Fulton St
New York	Gates Av
New York	Graham Av
New York	Grand Army Plaza
New York	Grand Av - Newtown
New York	Grand Central - 42 St
New York	Grand St
New York	Grant Av
New York	Grant City
New York	Grasmere
New York	Great Kills
New York	Greenpoint Av
New York	Gun Hill Rd
New York	Halsey St
New York	Harlem - 148 St
New York	Hewes St
New York	High St
New York	Houston St
New York	Howard Beach - JFK Airport
New York	Hoyt - Schermerhorn Sts
New York	Hoyt St
New York	Huguenot
New York	Hunters Point Av
New York	Hunts Point Av
New York	Intervale Av
New York	Inwood - 207 St
New York	Jackson Av
New York	Jackson Hts - Roosevelt Av
New York	Jamaica - 179 St
New York	Jamaica Center - Parsons/Archer
New York	Jamaica - Van Wyck
New York	Jay St - MetroTech
New York	Jefferson Av
New York	Jefferson St
New York	Junction Blvd
New York	Junius St
New York	Kew Gardens - Union Tpke
New York	Kingsbridge Rd
New York	Kings Hwy
New York	Kingston Av
New York	Kingston - Throop Avs
New York	Knickerbocker Av
New York	Kosciuszko St
New York	Lafayette Av
New York	Lexington Av/53 St
New York	Lexington Av/59 St
New York	Lexington Av/63 St
New York	Liberty Av
New York	Livonia Av
New York	Longwood Av
New York	Lorimer St
New York	Marble Hill - 225 St
New York	Marcy Av
New York	Metropolitan Av
New York	Mets - Willets Point
New York	Middletown Rd
New York	Middle Village - Metropolitan Av
New York	Montrose Av
New York	Morgan Av
New York	Morrison Av- Sound View
New York	Morris Park
New York	Mosholu Pkwy
New York	Mt Eden Av
New York	Myrtle Av
New York	Myrtle - Willoughby Avs
New York	Myrtle - Wyckoff Avs
New York	Nassau
New York	Nassau Av
New York	Neck Rd
New York	Neptune Av
New York	Nereid Av
New York	Nevins St
New York	New Dorp
New York	Newkirk Av
New York	New Lots Av
New York	New Utrecht Av
New York	Northern Blvd
New York	Norwood - 205 St
New York	Norwood Av
New York	Nostrand Av
New York	Oakwood Heights
New York	Ocean Pkwy
New York	Old Town
New York	Ozone Park - Lefferts Blvd
New York	Parkchester
New York	Park Pl
New York	Parkside Av
New York	Parsons Blvd
New York	Pelham Bay Park
New York	Pelham Pkwy
New York	Pennsylvania Av
New York	Pleasant Plains
New York	President St
New York	Prince's Bay
New York	Prince St
New York	Prospect Av
New York	Prospect Park
New York	Queensboro Plaza
New York	Queens Plaza
New York	Ralph Av
New York	Rector St
New York	Richmond Valley
New York	Rockaway Av
New York	Rockaway Blvd
New York	Rockaway Park - Beach 116 St
New York	Roosevelt Island
New York	Saratoga Av
New York	Seneca Av
New York	Sheepshead Bay
New York	Shepherd Av
New York	Simpson St
New York	Smith - 9 Sts
New York	South Ferry Loop
New York	Spring St
New York	Stapleton
New York	Steinway St
New York	Sterling St
New York	St George
New York	St Lawrence Av
New York	Sutphin Blvd
New York	Sutphin Blvd - Archer Av - JFK Airport
New York	Sutter Av
New York	Sutter Av - Rutland Rd
New York	Times Sq - 42 St
New York	Tompkinsville
New York	Tottenville
New York	Tremont Av
New York	Union Sq - 14 St
New York	Union St
New York	Utica Av
New York	Van Cortlandt Park - 242 St
New York	Van Siclen Av
New York	Vernon Blvd - Jackson Av
New York	W 4 St
New York	W 8 St - NY Aquarium
New York	Wakefield - 241 St
New York	Wall St
New York	Westchester Sq - E Tremont Av
New York	West Farms Sq - E Tremont Av
New York	Whitehall St
New York	Whitlock Av
New York	Wilson Av
New York	Winthrop St
New York	Woodhaven Blvd
New York	Woodlawn
New York	Woodside - 61 St
New York	World Trade Center
New York	York St
New York	Zerega Av
