Babice	Babice
Babice	Babice, Babičky
Babice	Babice, U hřiště
Barchovice	Barchovice
Barchovice	Barchovice, Hryzely
Barchovice	Barchovice, Radlice
Barchovice	Barchovice, rozcestí Radlice
Bašť	Bašť
Bašť	Bašť, Baštěk
Bašť	Bašť, Baštěk, náves
Bašť	Bašť, Měšická
Benice	Benice
Beroun	Beroun
Beroun	Beroun - Závodí
Beroun	Beroun, Hostim
Beroun	Beroun, autobusové stanoviště
Bečváry	Bečváry
Bečváry	Bečváry, rozcestí Poďousy
Bečváry	Bečváry, železniční stanice
Bojanovice	Bojanovice
Bojanovice	Bojanovice, Malá Lečice
Bojanovice	Bojanovice, Malá Lečice, U Hesů
Bojanovice	Bojanovice, Senešice
Bojanovice	Bojanovice, chaty
Bojanovice	Bojanovice, restaurace
Borek	Borek, rozcestí
Bořanovice	Bořanovice, rozcestí
Bošice	Bošice
Bošice	Bošice zastávka
Brandýs nad Labem - Stará Boleslav	Brandýs nad Labem - Stará Boleslav, Baumit
Brandýs nad Labem - Stará Boleslav	Brandýs nad Labem - Stará Boleslav, Brázdimská
Brandýs nad Labem - Stará Boleslav	Brandýs nad Labem - Stará Boleslav, Fakulta
Brandýs nad Labem - Stará Boleslav	Brandýs nad Labem - Stará Boleslav, Hájenka
Brandýs nad Labem - Stará Boleslav	Brandýs nad Labem - Stará Boleslav, Kasárna
Brandýs nad Labem - Stará Boleslav	Brandýs nad Labem - Stará Boleslav, Kralovice
Brandýs nad Labem - Stará Boleslav	Brandýs nad Labem - Stará Boleslav, Na Panském
Brandýs nad Labem - Stará Boleslav	Brandýs nad Labem - Stará Boleslav, Popovice
Brandýs nad Labem - Stará Boleslav	Brandýs nad Labem - Stará Boleslav, Pražská
Brandýs nad Labem - Stará Boleslav	Brandýs nad Labem - Stará Boleslav, Rychta
Brandýs nad Labem - Stará Boleslav	Brandýs nad Labem - Stará Boleslav, Sokolovská
Brandýs nad Labem - Stará Boleslav	Brandýs nad Labem - Stará Boleslav, U brány
Brandýs nad Labem - Stará Boleslav	Brandýs nad Labem - Stará Boleslav, U křížku
Brandýs nad Labem - Stará Boleslav	Brandýs nad Labem - Stará Boleslav, U soudu
Brandýs nad Labem - Stará Boleslav	Brandýs nad Labem - Stará Boleslav, V olšinkách
Brandýs nad Labem - Stará Boleslav	Brandýs nad Labem - Stará Boleslav, VDO
Brandýs nad Labem - Stará Boleslav	Brandýs nad Labem - Stará Boleslav, Vosí hnízdo
Brandýs nad Labem - Stará Boleslav	Brandýs nad Labem - Stará Boleslav, Vrábí
Brandýs nad Labem - Stará Boleslav	Brandýs nad Labem - Stará Boleslav, Zahradní Město
Brandýs nad Labem - Stará Boleslav	Brandýs nad Labem - Stará Boleslav, autobusové stanoviště
Brandýs nad Labem - Stará Boleslav	Brandýs nad Labem - Stará Boleslav, dům pečovatelské služby
Brandýs nad Labem - Stará Boleslav	Brandýs nad Labem - Stará Boleslav, most
Brandýs nad Labem - Stará Boleslav	Brandýs nad Labem - Stará Boleslav, na Radosti
Brandýs nad Labem - Stará Boleslav	Brandýs nad Labem - Stará Boleslav, nemocnice
Brandýs nad Labem - Stará Boleslav	Brandýs nad Labem - Stará Boleslav, nádraží
Brandýs nad Labem - Stará Boleslav	Brandýs nad Labem - Stará Boleslav, náměstí
Brandýs nad Labem - Stará Boleslav	Brandýs nad Labem - Stará Boleslav, pekárny
Brandýs nad Labem - Stará Boleslav	Brandýs nad Labem - Stará Boleslav, sídliště
Brandýs nad Labem - Stará Boleslav	Brandýs nad Labem - Stará Boleslav, sídliště BSS
Brandýs nad Labem - Stará Boleslav	Brandýs nad Labem - Stará Boleslav, sídliště u nádraží
Brandýs nad Labem - Stará Boleslav	Brandýs nad Labem - Stará Boleslav, u hřbitova
Brandýs nad Labem - Stará Boleslav	Brandýs nad Labem - Stará Boleslav, zdravotní středisko
Brandýs nad Labem - Stará Boleslav	Brandýs nad Labem - Stará Boleslav, Školní
Brandýs nad Labem - Stará Boleslav	Brandýs nad Labem - Stará Boleslav, škola
Brandýs nad Labem - Stará Boleslav	Brandýs nad Labem - Stará Boleslav, železniční stanice
Brandýsek	Brandýsek
Bratřínov	Bratřínov
Brno	Achtelky
Brno	Akátky
Brno	Anthropos
Brno	Antonína Procházky
Brno	Antonínská
Brno	Arbesova
Brno	Autobusové nádraží
Brno	Bartákova
Brno	Barvičova
Brno	Bednářova
Brno	Bellova
Brno	Bieblova
Brno	Blažkova
Brno	Bohunická
Brno	Borodinova
Brno	Bosonohy
Brno	Botanická
Brno	Bořetická
Brno	Branka
Brno	Brechtova
Brno	Brněnky
Brno	Bráfova
Brno	Burianovo náměstí
Brno	Buzkova
Brno	Bzenecká
Brno	Bílovická
Brno	Bílá Hora
Brno	Bělohorská
Brno	Běloruská
Brno	Cacovická
Brno	Carrefour Královo Pole
Brno	Carrefour Vídeňská
Brno	Celní
Brno	Chaloupky
Brno	Charvatská
Brno	Chrlice, nádraží
Brno	Chrlice, smyčka
Brno	Chrlická
Brno	Chrlické náměstí
Brno	Depo ČD
Brno	Divišova čtvrť
Brno	Dobrovského
Brno	Dohnalova
Brno	Dolní Heršpice
Brno	Drdy
Brno	Drážní
Brno	Dunajská
Brno	Dvorecká
Brno	Dvorska, smyčka
Brno	Díly
Brno	Dělnický dům
Brno	Dětská nemocnice
Brno	Elplova
Brno	Ečerova
Brno	Faměrovo náměstí
Brno	Filipova
Brno	Filkukova
Brno	Fillova
Brno	Fügnerova
Brno	Gajdošova
Brno	Geislerova
Brno	Glinkova
Brno	Glocova
Brno	Grohova
Brno	Gruzínská
Brno	Halasovo náměstí
Brno	Hanácká
Brno	Havránkova
Brno	Haškova
Brno	Heinrichova
Brno	Heleny Malířové
Brno	Heršpická
Brno	Hladíkova
Brno	Hlavní
Brno	Hlavní nádraží
Brno	Hlaváčova
Brno	Hluboká
Brno	Hněvkovského
Brno	Holzova
Brno	Holásecká
Brno	Holásky
Brno	Horní Heršpice
Brno	Horníkova
Brno	Horova
Brno	Horská
Brno	Horácké náměstí
Brno	Houbalova
Brno	Hoštická
Brno	Hrnčířská
Brno	Hudcova
Brno	Humenná
Brno	Husitská
Brno	Hutařova
Brno	Hviezdoslavova
Brno	Hybešova
Brno	Hájecká
Brno	Högrova
Brno	Ikea
Brno	Ivanovice
Brno	Ivanovice, Globus
Brno	Ivanovické náměstí
Brno	Jandáskova
Brno	Janáčkovo divadlo
Brno	Jarní, ČD
Brno	Jehnice
Brno	Jemelkova
Brno	Jezerní
Brno	Jindřichova
Brno	Jiránkova
Brno	Jugoslávská
Brno	Juliánov
Brno	Jundrov
Brno	Jundrov, hřiště
Brno	Jundrovská
Brno	Jungmannova
Brno	Jílkova
Brno	Jírova
Brno	Jírovcova
Brno	Kamechy
Brno	Kamenice
Brno	Kamenný vrch
Brno	Kamenolom
Brno	Kampelíkova
Brno	Karlova
Brno	Karolíny Světlé
Brno	Kartouzská
Brno	Kejbaly
Brno	Kleštínek
Brno	Klicperova
Brno	Kluchova
Brno	Klusáčkova
Brno	Kohoutovice, hájenka
Brno	Kohoutovická
Brno	Kolejní
Brno	Koliště
Brno	Komenského náměstí
Brno	Komárov
Brno	Komín, smyčka
Brno	Komín, sídliště
Brno	Konečného náměstí
Brno	Koniklecová
Brno	Konopná
Brno	Kopce
Brno	Kosmonautů
Brno	Kostelní zmola
Brno	Kotlanova
Brno	Kounicovy koleje
Brno	Kovářská
Brno	Kořískova
Brno	Krejčího
Brno	Krematorium
Brno	Kristenova
Brno	Kroměřížská
Brno	Kronova
Brno	Králova
Brno	Královka
Brno	Královo Pole, nádraží
Brno	Královopolská strojírna
Brno	Krásného
Brno	Kubelíkova
Brno	Kubíčkova
Brno	Kuldova
Brno	Kulkova
Brno	Kupkova
Brno	Körnerova
Brno	Křehlíkova
Brno	Křivánkovo náměstí
Brno	Křídlovická
Brno	Křížkovského
Brno	Kšírova
Brno	Labská
Brno	Langrova
Brno	Laštůvkova
Brno	Lesnická
Brno	Lesná
Brno	Lesní
Brno	Lesní školka
Brno	Letecká
Brno	Letiště Tuřany
Brno	Letovická
Brno	Libušina třída
Brno	Libušino údolí
Brno	Lipová
Brno	Loosova
Brno	Lísky
Brno	Líšeň, hřbitov
Brno	Líšeňská
Brno	Macháčkova
Brno	Makovského náměstí
Brno	Malečkova
Brno	Malinovského náměstí
Brno	Maloměřický most
Brno	Malá
Brno	Malá Klajdovka
Brno	Marie Majerové
Brno	Marie Pujmanové
Brno	Mariánské náměstí
Brno	Mariánské údolí
Brno	Masarova
Brno	Masná
Brno	Maříkova
Brno	Medlánky
Brno	Medlánky, škola
Brno	Mendlovo náměstí
Brno	Merhautova
Brno	Mifkova
Brno	Mikulovská
Brno	Mikulčická
Brno	Modřická
Brno	Modřická cihelna
Brno	Mojmírovo náměstí
Brno	Mokrá Hora
Brno	Molákova
Brno	Moravanská
Brno	Moravanské lány
Brno	Moravské náměstí
Brno	Mostecká
Brno	Mozolky
Brno	Mošnova
Brno	Mutěnická
Brno	Muzeum dopravy
Brno	Myslivecký stadion
Brno	Myslivna
Brno	Mácova
Brno	Mírová
Brno	Na kopcích
Brno	Na kovárně
Brno	Nemocnice Bohunice
Brno	Nemocnice u sv. Anny
Brno	Nerudova
Brno	Netroufalky
Brno	Neumannova
Brno	Novolíšeňská
Brno	Nové sady
Brno	Nové sady, smyčka
Brno	Nálepkova
Brno	Náměstí 28.dubna
Brno	Náměstí 28.října
Brno	Náměstí Karla IV.
Brno	Náměstí Míru
Brno	Náměstí Republiky
Brno	Náměstí Svornosti
Brno	Obecká
Brno	Obilní trh
Brno	Oblá
Brno	Obřanská, u školy
Brno	Obřanský most
Brno	Obřany
Brno	Obřany, sídliště
Brno	Olbrachtovo náměstí
Brno	Olšanského
Brno	Ondrouškova
Brno	Ondráčkova
Brno	Optátova
Brno	Osová
Brno	Otakara Ševčíka
Brno	Ořechovská
Brno	Ořešín
Brno	Ořešínská
Brno	Palackého náměstí
Brno	Palackého vrch
Brno	Pavlovská
Brno	Pavlíkova
Brno	Petřvaldská
Brno	Pionýrská
Brno	Pisárecká
Brno	Pisárky
Brno	Pod Borovníkem
Brno	Pod Hradeckou
Brno	Pod Jurankou
Brno	Pod Mniší horou
Brno	Pod nemocnicí
Brno	Podlesí
Brno	Podlomní
Brno	Podolská
Brno	Podsednická
Brno	Podstránská
Brno	Podveská
Brno	Podzimní
Brno	Poliklinika Lesná
Brno	Poliklinika Židenice
Brno	Polní
Brno	Popelova
Brno	Poříčí
Brno	Pratecká
Brno	Pražská
Brno	Pražákova
Brno	Pražákova, obchodní centrum
Brno	Preslova
Brno	Prodloužená
Brno	Provazníkova
Brno	Proškovo náměstí
Brno	Prušánecká
Brno	Psychiatrická léčebna
Brno	Pálavské náměstí
Brno	Přemyslovo náměstí
Brno	Přizřenice, smyčka
Brno	Příjezdová
Brno	Přístaviště
Brno	Přívrat
Brno	Přízřenice
Brno	Raisova
Brno	Rakovec
Brno	Rakovecká
Brno	Revoluční
Brno	Riviéra
Brno	Rolencova
Brno	Rotreklova
Brno	Roviny
Brno	Rozárka
Brno	Rybkova
Brno	Ráječek
Brno	Růženin dvůr
Brno	Sadová
Brno	Sazenice
Brno	Schodová
Brno	Semilasso
Brno	Shopping Park Brno
Brno	Skalní
Brno	Skrejš
Brno	Skácelova
Brno	Slatina, nádraží
Brno	Slatina, rozcestí
Brno	Slatina, sídliště
Brno	Slatina, závod
Brno	Slatina, závod, smyčka
Brno	Slatinka
Brno	Slavíčkova
Brno	Slovanské náměstí
Brno	Slévárna Zetor
Brno	Smetanova
Brno	Soběšice
Brno	Sochorova
Brno	Sokolnická
Brno	Soukenická
Brno	Soukopova
Brno	Spojovací
Brno	Sportovní
Brno	Správa dálnic
Brno	Spáčilova
Brno	Srbská
Brno	Stamicova
Brno	Stará dálnice
Brno	Stará nemocnice
Brno	Stará osada
Brno	Staré letiště
Brno	Staré Černovice
Brno	Starý Lískovec, smyčka
Brno	Stejskalova
Brno	Strnadova
Brno	Stránská skála
Brno	Stránského
Brno	Strážní
Brno	Sušilova
Brno	Svah
Brno	Svatopetrská
Brno	Svatoplukova
Brno	Svratecká
Brno	Talichova
Brno	Technická
Brno	Technické muzeum
Brno	Tererova
Brno	Textilní kombinát
Brno	Tkalcovská
Brno	Tomanova
Brno	Tomkovo náměstí
Brno	Topolky
Brno	Tovární
Brno	Točná
Brno	Traťová
Brno	Trávníčkova
Brno	Tržní
Brno	Tuřany, smyčka
Brno	Tvrdého
Brno	Tylova
Brno	Tábor
Brno	U Luhu
Brno	U borovice
Brno	U buku
Brno	U hřiště
Brno	U jezírka
Brno	U památníku
Brno	U rozvodny
Brno	U tunýlku
Brno	U viaduktu
Brno	U vodárny
Brno	Ukrajinská
Brno	Uzavřená
Brno	Uzbecká
Brno	Učiliště
Brno	V aleji
Brno	V rejích
Brno	Valašská
Brno	Vaňkovo náměstí
Brno	Velatická
Brno	Velká Klajdovka
Brno	Velodrom
Brno	Venhudova
Brno	Veslařská
Brno	Vinařská
Brno	Vinohradská
Brno	Vlhká
Brno	Vlkova
Brno	Vltavská
Brno	Vlárská
Brno	Vlčkova
Brno	Vlčnovská
Brno	Vojenská nemocnice
Brno	Vojtova
Brno	Vondrákova
Brno	Vozovna Husovice
Brno	Vozovna Komín
Brno	Vozovna Medlánky
Brno	Vozovna Slatina
Brno	Voříškova
Brno	Vrázova
Brno	Vsetínská
Brno	Vychodilova
Brno	Vyhlídalova
Brno	Václavská
Brno	Vítězná
Brno	Výletní
Brno	Výstaviště
Brno	Všetičkova
Brno	Wollmannova
Brno	Za hřbitovem
Brno	Za křížem
Brno	Zahradníkova
Brno	Zdráhalova
Brno	Zemská knihovna
Brno	Zemědělská
Brno	Zetor, silnice
Brno	Zetor, smyčka
Brno	Zimní I
Brno	Zimní II
Brno	Zimní stadion
Brno	Zoologická zahrada
Brno	Zvonařka
Brno	Záhumenice
Brno	Záhřebská
Brno	Zámecká
Brno	Údolíček
Brno	Ústav Kociánka
Brno	Ústřední hřbitov
Brno	Ústřední hřbitov, smyčka
Brno	Útěchov
Brno	Útěchov, rozcestí
Brno	Útěchovská
Brno	Úvoz
Brno	Úzká
Brno	Čechyňská
Brno	Čejkovická
Brno	Čermákova
Brno	Černohorská
Brno	Černovická
Brno	Černovičky
Brno	Černého
Brno	Červený kopec
Brno	Červený písek
Brno	Červinkova
Brno	Česká
Brno	Čtvery hony
Brno	Čtvrtě
Brno	Čápkova
Brno	Řezáčova
Brno	Řečkovice
Brno	Řečkovice, hřbitov
Brno	Řečkovice, nádraží
Brno	Řípská
Brno	Šelepova
Brno	Šilingrovo náměstí
Brno	Šimáčkova
Brno	Škroupova
Brno	Špačkova
Brno	Šromova
Brno	Štefánikova
Brno	Štefánikova čtvrť
Brno	Štouračova
Brno	Štursova
Brno	Štěpánkova
Brno	Šumavská
Brno	Švermova
Brno	Švestková
Brno	Šárka
Brno	Žebětín
Brno	Žebětín, rybník
Brno	Žebětín, škola
Brno	Žebětínská
Brno	Železniční
Brno	Železniční stavitelství
Brno	Židenice, kasárna
Brno	Žilkova
Brno	Žitná
Brno	Životského
Brno	Žlutý kopec
Brázdim	Brázdim, Nový Brázdim
Brázdim	Brázdim, Starý Brázdim
Brázdim	Brázdim, rozcestí Veliký Brázdim
Bubovice	Bubovice
Bubovice	Bubovice, Višňovka
Buš	Buš
Běleč	Běleč
Březiněves	Březiněves
Březová - Oleško	Březová - Oleško, Březová
Březová - Oleško	Březová - Oleško, Oleško
Březová - Oleško	Březová - Oleško, U topolů
Březí	Březí, Podskalí
Březí	Březí, U křížku
Březí	Březí, V Jezírku
Břežany II	Břežany II
Břežany II	Břežany II, U sokolovny
Břežany II	Břežany II, na Malé Straně
Bříství	Bříství
Bříství	Bříství, Svárov
Chlumín	Chlumín
Chocerady	Chocerady
Chocerady	Chocerady, Růženín, sídliště
Chocerady	Chocerady, Samechov
Chocerady	Chocerady, Vlkovec, železniční stanice
Choteč	Choteč
Chotutice	Chotutice
Chroustov	Chroustov
Chrást	Chrást
Chrást	Chrást nad Sázavou
Chrást	Chrást, hostinec
Chrášťany	Chrášťany {okres Kolín}
Chrášťany	Chrášťany {okres Praha - západ}
Chrášťany	Chrášťany, Bylany {okres Kolín}
Chrášťany	Chrášťany, Bylany, škola {okres Kolín}
Chrášťany	Chrášťany, Chotouň {okres Kolín}
Chrášťany	Chrášťany, Mezcestí {okres Praha - západ}
Chrášťany	Chrášťany, Protherm {okres Praha - západ}
Chrášťany	Chrášťany, Scania - Label {okres Praha - západ}
Chvatěruby	Chvatěruby
Chýnice	Chýnice
Chýnice	Chýnice, Pod Radnicí
Chýně	Chýně
Chýně	Chýně, Háje
Chýně	Chýně, Na Vyhlídce
Chýně	Chýně, Pivovarský dvůr
Chýně	Chýně, Žitná
Davle	Davle
Davle	Davle, Na Javorce
Davle	Davle, Sloup
Davle	Davle, Sloup, U Jeřábu
Davle	Davle, Sázava
Davle	Davle, Sázava, Třešňovka
Davle	Davle, obec
Davle	Davle, pod Račany
Davle	Davle, u Kiliána
Davle	Davle, u pomníku
Dobrovíz	Dobrovíz
Dobrovíz	Dobrovíz, Obecní úřad
Dobrovíz	Dobrovíz, komerční zóna
Dobročovice	Dobročovice
Dobřejovice	Dobřejovice, Na návsi
Dobřejovice	Dobřejovice, Čestlická
Dobřichovice	Dobřichovice
Dobřichovice	Dobřichovice, Pod Vinicí
Dobřichovice	Dobřichovice, nádraží
Dobřichovice	Dobřichovice, pošta
Dobřichovice	Dobřichovice, rozcestí Karlík
Dobřichovice	Dobřichovice, ÚKZÚZ
Dobříč	Dobříč
Dobříš	Dobříš
Dobříš	Dobříš, Kodetka
Dobříš	Dobříš, Kostelíček
Dobříš	Dobříš, Průmyslová zóna
Dobříš	Dobříš, náměstí
Dobříš	Dobříš, železniční stanice
Dolany	Dolany
Dolany	Dolany, Debrno
Dolní Břežany	Dolní Břežany, Lhota
Dolní Břežany	Dolní Břežany, Na Rovném
Dolní Břežany	Dolní Břežany, Na Spálence
Dolní Břežany	Dolní Břežany, Na kopečku
Dolní Břežany	Dolní Břežany, Nad Mlýnem
Dolní Břežany	Dolní Břežany, Obecní úřad
Dolní Břežany	Dolní Břežany, Zálepy
Dolní Břežany	Dolní Břežany, hřiště
Dolní Břežany	Dolní Břežany, náměstí
Dolní Břežany	Dolní Břežany, škola
Dolní Chabry	Dolní Chabry
Doubek	Doubek
Doubravčice	Doubravčice
Doubravčice	Doubravčice, bytovky
Doubravčice	Doubravčice, Čihadla
Drahelčice	Drahelčice
Dubeč	Dubeč
Dřetovice	Dřetovice
Dřevčice	Dřevčice
Dřevčice	Dřevčice, cihelna
Dřevčice	Dřevčice, rozcestí Jenštejn
Dřínov	Dřínov, Stavadla
Dřínov	Dřínov, U kříže
Dřínov	Dřínov, náves
Dřínov	Dřínov, u rybníka
Dřísy	Dřísy
Dřísy	Dřísy, u vily
Dřísy	Dřísy, železniční stanice
Herink	Herink
Hlavenec	Hlavenec
Hlavenec	Hlavenec, U Čtyř kamenů, křižovatka
Hlohová	Hlohová
Hlásná Třebaň	Hlásná Třebaň, Rovina
Holubice	Holubice
Holubice	Holubice, Kozinec
Holubice	Holubice, Kozinec, Habrová
Horní Kruty	Horní Kruty
Horní Kruty	Horní Kruty, Bohouňovice II
Horní Kruty	Horní Kruty, Dolní Kruty
Horní Kruty	Horní Kruty, Přestavlky
Horní Kruty	Horní Kruty, Újezdec
Horoměřice	Horoměřice
Horoměřice	Horoměřice, V lipkách
Horoušany	Horoušany
Horoušany	Horoušany, Horoušánky
Horoušany	Horoušany, Horoušánky, náves
Horoušany	Horoušany, U rybníka
Hostivice	Hostivice
Hostivice	Hostivice - Litovice
Hostivice	Hostivice, Břve
Hostivice	Hostivice, Břve, sportovní hala
Hostivice	Hostivice, Jeneček
Hostivice	Hostivice, Litovice
Hostivice	Hostivice, Na Pískách
Hostivice	Hostivice, Nouzov
Hostivice	Hostivice, Palouky
Hostivice	Hostivice, Průmyslová
Hostivice	Hostivice, Sportovců
Hostivice	Hostivice, Staré Litovice
Hostivice	Hostivice, Ve vilkách
Hostivice	Hostivice, stadion
Hostouň	Hostouň
Hostouň	Hostouň u Prahy
Hostouň	Hostouň, Na Pohoří
Hostouň	Hostouň, u hřiště
Hostín u Vojkovic	Hostín u Vojkovic
Hovorčovice	Hovorčovice
Hovorčovice	Hovorčovice, u kostela
Hořany	Hořany
Hradešín	Hradešín
Hradešín	Hradešín, Obecní úřad
Hradešín	Hradešín, sklady Marca
Hradištko	Hradištko {okres Nymburk}
Hradištko	Hradištko, Brunšov {okres Praha - západ}
Hradištko	Hradištko, Kersko, U pramene {okres Nymburk}
Hradištko	Hradištko, Kersko, hlavní silnice {okres Nymburk}
Hradištko	Hradištko, Kersko, osada {okres Nymburk}
Hradištko	Hradištko, Kersko, u lavičky {okres Nymburk}
Hradištko	Hradištko, Pikovice, Pod Medníkem {okres Praha - západ}
Hradištko	Hradištko, Pikovice, most {okres Praha - západ}
Hradištko	Hradištko, Pikovice, obec {okres Praha - západ}
Hradištko	Hradištko, Rajchardov {okres Praha - západ}
Hradištko	Hradištko, chaty {okres Nymburk}
Hradištko	Hradištko, osada {okres Praha - západ}
Hradištko	Hradištko, u rybníčku {okres Praha - západ}
Hradištko	Hradištko, zámek {okres Praha - západ}
Hrusice	Hrusice
Hrusice	Hrusice, Na Šmejkalce
Hrusice	Hrusice, Vlčí halíř
Husinec	Husinec, rozcestí
Husinec	Husinec, samota
Husinec	Husinec, Řež
Husinec	Husinec, Řež, sídliště
Husinec	Husinec, Řež, závod
Hvozdnice	Hvozdnice
Hvozdnice	Hvozdnice, chaty
Hvězdonice	Hvězdonice
Jarov	Jarov
Jeneč	Jeneč
Jeneč	Jeneč zastávka
Jeneč	Jeneč, Lidická
Jeneč	Jeneč, komerční zóna
Jeneč	Jeneč, nádraží
Jenštejn	Jenštejn
Jenštejn	Jenštejn, Dehtáry
Jenštejn	Jenštejn, Domov seniorů
Jenštejn	Jenštejn, Hradní
Jesenice	Jesenice
Jesenice	Jesenice, Belnická
Jesenice	Jesenice, Horní Jirčany
Jesenice	Jesenice, Horní Jirčany, vodárna
Jesenice	Jesenice, Kocanda
Jesenice	Jesenice, Mladíkov
Jesenice	Jesenice, Osnice
Jesenice	Jesenice, Osnice, hřbitov
Jesenice	Jesenice, Vestecká
Jesenice	Jesenice, Zdiměřice
Jesenice	Jesenice, Zdiměřice, bytovky
Jesenice	Jesenice, Zdiměřice, u rybníka
Jesenice	Jesenice, Zdiměřice, škola
Jesenice	Jesenice, bytovky
Jesenice	Jesenice, škola
Jevany	Jevany
Jevany	Jevany, Bohumil
Jevany	Jevany, Lesní podnik
Jevany	Jevany, Penčice
Jevany	Jevany, Smrčiny
Jevany	Jevany, Spojovací
Jevany	Jevany, Černokostelecká
Jinočany	Jinočany, Hlavní
Jinočany	Jinočany, náměstí
Jirny	Jirny
Jirny	Jirny, DHL
Jirny	Jirny, Logistický park
Jirny	Jirny, Nové Jirny, I
Jirny	Jirny, Nové Jirny, II
Jirny	Jirny, rozcestí
Jirny	Jirny, zámek
Jiřice	Jiřice
Jíloviště	Jíloviště
Jíloviště	Jíloviště, Cukrák
Jíloviště	Jíloviště, Výzkumný ústav
Jíloviště	Jíloviště, hlavní silnice
Jíloviště	Jíloviště, přívoz
Jílové u Prahy	Jílové u Prahy
Jílové u Prahy	Jílové u Prahy, Borek
Jílové u Prahy	Jílové u Prahy, Kamenná Vrata
Jílové u Prahy	Jílové u Prahy, Luka pod Medníkem
Jílové u Prahy	Jílové u Prahy, Pražská
Jílové u Prahy	Jílové u Prahy, Radlík
Jílové u Prahy	Jílové u Prahy, Studené, obec
Jílové u Prahy	Jílové u Prahy, Studené, závod
Jílové u Prahy	Jílové u Prahy, hřbitov
Jílové u Prahy	Jílové u Prahy, náměstí
Jílové u Prahy	Jílové u Prahy, rozcestí Radlík
Jílové u Prahy	Jílové u Prahy, učiliště
Jílové u Prahy	Jílové u Prahy, Československé armády
Jílové u Prahy	Luka pod Medníkem
Kaliště	Kaliště
Kaliště	Kaliště, Lensedly
Kaliště	Kaliště, Poddubí
Kaliště	Kaliště, V Loučkách
Kamenice	Kamenice, Kuklík
Kamenice	Kamenice, Kulturní dům
Kamenice	Kamenice, Ládví
Kamenice	Kamenice, Nová Hospoda
Kamenice	Kamenice, Olešovice
Kamenice	Kamenice, Skuheř
Kamenice	Kamenice, Těptín
Kamenice	Kamenice, Těptín, U Kozlího kamene
Kamenice	Kamenice, U dvora
Kamenice	Kamenice, Valnovka
Kamenice	Kamenice, Všedobrovice
Kamenice	Kamenice, Štiřín
Kamenné Žehrovice	Kamenné Žehrovice
Kamenný Most	Kamenný Most u Kralup nad Vltavou
Kamenný Přívoz	Kamenný Přívoz
Kamenný Přívoz	Kamenný Přívoz, Kamenný Újezdec
Kamenný Přívoz	Kamenný Přívoz, U křížku
Kamenný Přívoz	Kamenný Přívoz, železniční stanice
Karlík	Karlík
Karlštejn	Karlštejn
Kladno	Kladno
Kladno	Kladno - Dubí
Kladno	Kladno - Ostrovec
Kladno	Kladno - Rozdělov
Kladno	Kladno - Vrapice
Kladno	Kladno - Švermov
Kladno	Kladno město
Klecany	Klecany
Klecany	Klecany, Ahold
Klecany	Klecany, Astrapark
Klecany	Klecany, D8 Park
Klecany	Klecany, Drasty
Klecany	Klecany, Drasty, čistírna
Klecany	Klecany, Klecánky
Klecany	Klecany, U hřbitova
Klecany	Klecany, U kostela
Klecany	Klecany, Zdibsko
Klokočná	Klokočná
Klučov	Klučov
Klučov	Klučov, Lstiboř
Klučov	Klučov, Skramníky
Klučov	Klučov, U mlýna
Klučov	Klučov, Žhery
Kly	Kly, Krausovna
Kly	Kly, Lom
Kly	Kly, Vinice
Kly	Kly, Větrušice
Kly	Kly, Záboří
Klánovice	Klánovice
Klínec	Klínec
Klínec	Klínec, u hřiště
Klínec	Klínec, škola
Klíčany	Klíčany
Klíčany	Klíčany, Břežanská
Kněževes	Kněževes, Stará hospoda
Kněževes	Kněževes, U nádraží
Kněževes	Kněževes, skladový areál
Kojetice	Kojetice
Kojetice	Kojetice u Prahy
Kojetice	Kojetice, rozcestí
Kojetice	Kojetice, železniční stanice
Koleč	Koleč
Koloděje	Koloděje
Kolovraty	Kolovraty
Komořany	Komořany
Konojedy	Konojedy
Konojedy	Konojedy, Klíče
Konojedy	Konojedy, pila
Konojedy	Konojedy, rozcestí
Konětopy	Konětopy
Korkyně	Korkyně
Korkyně	Korkyně, Křížov
Korytná	Korytná
Kosoř	Kosoř
Kosoř	Kosoř, rozcestí
Kostelec	Kostelec nad Černými lesy, Chaloupky
Kostelec	Kostelec nad Černými lesy, Dobrovského
Kostelec	Kostelec nad Černými lesy, Jevanská
Kostelec	Kostelec nad Černými lesy, Na Skalce
Kostelec	Kostelec nad Černými lesy, Svatbín
Kostelec	Kostelec nad Černými lesy, Svatbínská
Kostelec	Kostelec nad Černými lesy, Trativody
Kostelec	Kostelec nad Černými lesy, Truba
Kostelec	Kostelec nad Černými lesy, U Křížku
Kostelec	Kostelec nad Černými lesy, náměstí
Kostelec	Kostelec nad Černými lesy, sanatorium
Kostelec nad Labem	Kostelec nad Labem
Kostelec nad Labem	Kostelec nad Labem, Jiřice
Kostelec nad Labem	Kostelec nad Labem, Jiřice, U kapličky
Kostelec nad Labem	Kostelec nad Labem, Na růžku
Kostelec nad Labem	Kostelec nad Labem, náměstí
Kostelec nad Labem	Kostelec nad Labem, u váhy
Kostelec nad Labem	Kostelec nad Labem, závod
Kostelec nad Labem	Kostelec nad Labem, železniční stanice
Kostelec u Křížků	Kostelec u Křížků
Kostelec u Křížků	Kostelec u Křížků, škola
Kostelní Hlavno	Kostelní Hlavno, u kostela
Kostelní Hlavno	Kostelní Hlavno, u pomníku
Kostelní Lhota	Kostelní Lhota
Kostelní Lhota	Kostelní Lhota, u kovárny
Kounice	Kounice
Kouřim	Kouřim
Kouřim	Kouřim, Molitorov
Kouřim	Kouřim, ZŠ
Kouřim	Kouřim, rozcestí Běšínov
Kouřim	Kouřim, skanzen
Kozojedy	Kozojedy
Kozojedy	Kozojedy, rozcestí
Kozomín	Kozomín
Kozomín	Kozomín, rozcestí
Kořenice	Kořenice, rozcestí Chotouchov
Krahulčí	Krahulčí
Krakov	Krakov
Kralupy nad Vltavou	Kralupy nad Vltavou
Kralupy nad Vltavou	Kralupy nad Vltavou - Minice
Kralupy nad Vltavou	Kralupy nad Vltavou, Barvy Laky
Kralupy nad Vltavou	Kralupy nad Vltavou, Kaučuk
Kralupy nad Vltavou	Kralupy nad Vltavou, Kovošrot
Kralupy nad Vltavou	Kralupy nad Vltavou, Lobeček
Kralupy nad Vltavou	Kralupy nad Vltavou, Lobeček, pískovna
Kralupy nad Vltavou	Kralupy nad Vltavou, Lobeček, rozcestí
Kralupy nad Vltavou	Kralupy nad Vltavou, OS Máj
Kralupy nad Vltavou	Kralupy nad Vltavou, železniční stanice
Krhanice	Krhanice
Krhanice	Krhanice, Prosečnice
Krupá	Krupá
Krupá	Krupá, dvůr Chrást
Krupá	Krupá, rozcestí Syneč
Královice	Královice
Králův Dvůr	Králův Dvůr
Králův Dvůr	Králův Dvůr - Popovice
Krňany	Krňany, Slapnice
Krňany	Krňany, Teletín
Krňany	Krňany, Závist
Krňany	Krňany, Závist, u Křížku
Krňany	Krňany, bytovky
Krňany	Krňany, obec
Krňany	Krňany, rozcestí Třebsín
Kunice	Kunice
Kunice	Kunice, Dolní Lomnice
Kunice	Kunice, Dolní Lomnice, Chlum
Kunice	Kunice, U Dálnice
Kunice	Kunice, U Hřbitova
Kunice	Kunice, Vidovice
Kunice	Kunice, Vidovice, Bonavita
Kunice	Kunice, Vidovice, zámek
Kunice	Kunice, Všešímy
Kunice	Kunice, Všešímy, Pardálov
Kunice	Kunice, rozcestí Vidovice
Kunratice	Kunratice
Kutná Hora	Kutná Hora, Centrum
Kutná Hora	Kutná Hora, autobusové stanoviště
Kutná Hora	Kutná Hora, k nemocnici
Kutná Hora	Kutná Hora, poliklinika
Květnice	Květnice
Květnice	Květnice, Na Ladech
Květnice	Květnice, Za Mlýnem
Květnice	Květnice, rozcestí
Kytín	Kytín, náves
Kytín	Kytín, rozcestí
Kytín	Kytín, u hřbitova
Káraný	Káraný, most
Káraný	Káraný, pošta
Káraný	Káraný, vodárna
Křenek	Křenek
Křenek	Křenek, rozcestí
Křenice	Křenice
Křeslice	Křeslice
Křížkový Újezdec	Křížkový Újezdec
Křížkový Újezdec	Křížkový Újezdec, Čenětice
Kšely	Kšely
Lety	Lety
Lety	Lety, K Libří
Lety	Lety, Na Návsi
Lhota	Lhota
#Liberec	Liberec
Libeř	Libeř
Libeř	Libeř, Libeň
Libeř	Libeř, Libeň, Oáza
Libeř	Libeř, Libeň, U Hrušků
Libeř	Libeř, Libeň, odbočka STS
Libeř	Libeř, Na ovčíně
Libiš	Libiš, Ke Spolaně
Libiš	Libiš, Spolana 3
Libiš	Libiš, Spolana 4
Libiš	Libiš, autobusové stanoviště
Libiš	Libiš, obec
Libiš	Libiš, samoobsluha
Libčice nad Vltavou	Libčice nad Vltavou
Libčice nad Vltavou	Libčice nad Vltavou - Letky
Lichoceves	Lichoceves
Lichoceves	Lichoceves, Noutonice
Lipence	Lipence
Liteň	Liteň
Loděnice	Loděnice
Loděnice	Loděnice, Jánská, I
Loděnice	Loděnice, Jánská, II
Loděnice	Loděnice, pod lanovkou
Lomy	Lomy
Louňovice	Louňovice
Louňovice	Louňovice, Na hrázi I
Louňovice	Louňovice, Na hrázi II
Lužce	Lužce
Lysolaje	Lysolaje
Lysá nad Labem	Lysá nad Labem
Lysá nad Labem	Lysá nad Labem - Dvorce
Lysá nad Labem	Lysá nad Labem, Litol
Lysá nad Labem	Lysá nad Labem, Litol, Mírová
Lysá nad Labem	Lysá nad Labem, Litol, u mostu
Lysá nad Labem	Lysá nad Labem, pošta
Lysá nad Labem	Lysá nad Labem, železniční stanice
Lázně Toušeň	Lázně Toušeň
Lázně Toušeň	Lázně Toušeň, zastávka
Líbeznice	Líbeznice, I
Líbeznice	Líbeznice, II
Líbeznice	Líbeznice, pošta
Líbeznice	Líbeznice, zdravotní středisko
Líbeznice	Líbeznice, škola
Lísek	Lísek
Líšnice	Líšnice
Líšnice	Líšnice, Spálený mlýn
Líšnice	Líšnice, hlavní silnice
Lštění	Lštění
Malotice	Malotice
Malotice	Malotice, Lhotky
Malá Hraštice	Malá Hraštice
Malá Hraštice	Malá Hraštice, vilová čtvrť
Masojedy	Masojedy
Mezouň	Mezouň
Mečeříž	Mečeříž
Milovice	Milovice
Milovice	Milovice, Armádní
Milovice	Milovice, Sportovní
Milovice	Milovice, Topolová
Milovice	Milovice, Tyršova
Milovice	Milovice, radnice
Milovice	Milovice, železniční stanice
Milíčov	Milíčov
Milčice	Milčice
Milčice	Milčice, křižovatka
Mirošovice	Mirošovice
Mirošovice	Mirošovice u Prahy
Miskovice	Miskovice
Miskovice	Miskovice, Přítoky
Mnichovice	Mnichovice
Mnichovice	Mnichovice, Myšlín
Mnichovice	Mnichovice, U hřbitova
Mnichovice	Mnichovice, U křížku
Mnichovice	Mnichovice, Závěrka
Mnichovice	Mnichovice, bytovky
Mnichovice	Mnichovice, hotel Myšlín
Mnichovice	Mnichovice, náměstí
Mnichovice	Mnichovice, požární dům
Mnichovice	Mnichovice, zdravotní středisko
Mníšek pod Brdy	Mníšek pod Brdy
Mníšek pod Brdy	Mníšek pod Brdy, Hladový Vrch
Mníšek pod Brdy	Mníšek pod Brdy, Kaple
Mníšek pod Brdy	Mníšek pod Brdy, Na Kvíkalce
Mníšek pod Brdy	Mníšek pod Brdy, Nad Špejcharem
Mníšek pod Brdy	Mníšek pod Brdy, OPS Magdaléna
Mníšek pod Brdy	Mníšek pod Brdy, Pražská
Mníšek pod Brdy	Mníšek pod Brdy, Rymaně, železniční zastávka
Mníšek pod Brdy	Mníšek pod Brdy, Stříbrná Lhota
Mníšek pod Brdy	Mníšek pod Brdy, Stříbrná Lhota, U křížku
Mníšek pod Brdy	Mníšek pod Brdy, U Šibence
Mníšek pod Brdy	Mníšek pod Brdy, Základní škola
Mníšek pod Brdy	Mníšek pod Brdy, náměstí
Mníšek pod Brdy	Mníšek pod Brdy, sídliště
Mníšek pod Brdy	Mníšek pod Brdy, u hřbitova
Mníšek pod Brdy	Mníšek pod Brdy, u hřiště
Mníšek pod Brdy	Mníšek pod Brdy, závod
Mníšek pod Brdy	Mníšek pod Brdy, závod (hlavní silnice)
Mníšek pod Brdy	Mníšek pod Brdy, ÚVR
Mníšek pod Brdy	Mníšek pod Brdy, Čisovická
Mníšek pod Brdy	Mníšek pod Brdy, železniční stanice
Mochov	Mochov
Modletice	Modletice
Modletice	Modletice, Doubravice
Modletice	Modletice, Kaufland
Modletice	Modletice, V hůrce
Modletice	Modletice, rozcestí
Modletice	Modletice, rozcestí Doubravice
Mokrovraty	Mokrovraty
Mořina	Mořina
Mořina	Mořina, Trněný Újezd
Mořina	Mořina, Trněný Újezd, rozcestí
Mořina	Mořina, Trněný Újezd, rozcestí I
Mořina	Mořina, odbočka lom
Mořina	Mořina, u Pěchotů
Mořinka	Mořinka
Mratín	Mratín
Mratín	Mratín, cukrovar
Mrzky	Mrzky
Mukařov	Mukařov
Mukařov	Mukařov, Srbín
Mukařov	Mukařov, odbočka Tehovec
Mukařov	Mukařov, škola
Mukařov	Mukařov, Žernovka
Máslovice	Máslovice
Měchenice	Měchenice
Měchenice	Měchenice, rozcestí k železniční stanici
Měchenice	Měchenice, samoobsluha
Měchenice	Měchenice, železniční stanice
Mělník	Mělník, Mlazice, železniční zastávka
Mělník	Mělník, Podolí, nemocnice
Mělník	Mělník, Podolí, pivovar
Mělník	Mělník, Pšovka
Mělník	Mělník, autobusové stanoviště
Mělník	Mělník, cukrovar
Mělník	Mělník, u Nováků
Mělník	Mělník, u hřiště
Mělník	Mělník, závod Loděnice
Měšice	Měšice
Měšice	Měšice u Prahy
Měšice	Měšice, Agropodnik
Měšice	Měšice, Na Rejdišti
Nebušice	Nebušice
Nedvězí	Nedvězí
Nehvizdy	Nehvizdy
Nehvizdy	Nehvizdy, Nehvízdky
Nehvizdy	Nehvizdy, U studánky
Nelahozeves	Nelahozeves
Neratovice	Neratovice
Neratovice	Neratovice město
Neratovice	Neratovice, Byškovice
Neratovice	Neratovice, III. ZŠ
Neratovice	Neratovice, Kojetická
Neratovice	Neratovice, Korycany
Neratovice	Neratovice, Lobkovice, hřbitov
Neratovice	Neratovice, Náměstí Republiky
Neratovice	Neratovice, U Vojtěcha
Neratovice	Neratovice, železniční stanice
Nespeky	Nespeky
Nespeky	Nespeky, rozcestí Pyšely
Nesvačily	Nesvačily
Netvořice	Netvořice, Lhota, rozcestí
Netvořice	Netvořice, Pošta
Neuměřice	Neuměřice
Neveklov	Neveklov, Jablonka
Neveklov	Neveklov, Jablonná
Nová Ves	Nová Ves
Nová Ves pod Pleší	Nová Ves pod Pleší
Nová Ves pod Pleší	Nová Ves pod Pleší, Včelník
Nová Ves pod Pleší	Nová Ves pod Pleší, rozcestí k sanatoriu
Nová Ves pod Pleší	Nová Ves pod Pleší, sanatorium
Nové Dvory	Nové Dvory {okres Příbram}
Nové Dvory	Nové Dvory, Krámy {okres Příbram}
Nové Dvory	Nové Dvory, Krámy, rozcestí {okres Příbram}
Nové Dvory	Nové Dvory, Nová Hospoda {okres Příbram}
Nové Dvory	Nové Dvory, Porostliny {okres Příbram}
Nový Knín	Nový Knín
Nový Knín	Nový Knín, ELKO
Nový Knín	Nový Knín, Libčice
Nový Knín	Nový Knín, Sudovice
Nový Knín	Nový Knín, sokolovna
Nový Vestec	Nový Vestec
Nový Vestec	Nový Vestec, Na Pískách
Nový Vestec	Nový Vestec, U mostu
Nupaky	Nupaky
Nupaky	Nupaky, hotel
Nupaky	Nupaky, školka
Nučice	Nučice
Nučice	Nučice zastávka
Nučice	Nučice {okres Kolín}
Nučice	Nučice, Na Kladívku {okres Kolín}
Nučice	Nučice, Na Krahulově {okres Praha - západ}
Nučice	Nučice, Pod vinicí {okres Praha - západ}
Nučice	Nučice, Prokopská náves {okres Praha - západ}
Nučice	Nučice, Sokolská {okres Praha - západ}
Nučice	Nučice, bytovky {okres Praha - západ}
Nučice	Nučice, nádraží {okres Praha - západ}
Nučice	Nučice, rozcestí Krahulov {okres Praha - západ}
Nučice	Nučice, železniční zastávka {okres Praha - západ}
Obříství	Obříství
Obříství	Obříství, Dušníky
Obříství	Obříství, Štěpánský most
Odolena Voda	Odolena Voda, Dolní náměstí
Odolena Voda	Odolena Voda, Dolínek
Odolena Voda	Odolena Voda, Dolínek, Vodolská
Odolena Voda	Odolena Voda, U klubu
Odolena Voda	Odolena Voda, U školy
Odolena Voda	Odolena Voda, závod
Ohrobec	Ohrobec
Ohrobec	Ohrobec, Károv
Ohrobec	Ohrobec, U Čisteckých
Ohrobec	Ohrobec, u rybníka
Okoř	Okoř
Okrouhlo	Okrouhlo
Okrouhlo	Okrouhlo, Zahořany
Oleška	Oleška
Oleška	Oleška, Brník
Oleška	Oleška, Brník, u rybníka
Oleška	Oleška, Bulánka
Oleška	Oleška, Krymlov
Oleška	Oleška, Králka
Oleška	Oleška, rozcestí Krymlov
#Olomouc	Olomouc
Olovnice	Olovnice
Olovnice	Olovnice zastávka
Ondřejov	Ondřejov, Turkovice
Ondřejov	Ondřejov, Turkovická
Ondřejov	Ondřejov, Třemblat
Ondřejov	Ondřejov, Třemblat, K Myšlínu
Ondřejov	Ondřejov, Třemblat, Lipská
Ondřejov	Ondřejov, Třemblat, náves
Ondřejov	Ondřejov, Třemblat, rozcestí Mnichovice
Ondřejov	Ondřejov, Třemblat, rozcestí Zvánovice
Ondřejov	Ondřejov, U pily
Ondřejov	Ondřejov, hřbitov
Ondřejov	Ondřejov, náměstí
Oplany	Oplany
Oplany	Oplany, hájovna
Ostrá	Ostrá
Otvovice	Otvovice
Ovčáry	Ovčáry
Ovčáry	Ovčáry, Kopa, rozcestí
Ořech	Ořech
Ořech	Ořech, K Ovčínu
Ořech	Ořech, u sokolovny
Ořech	Ořech, u školy
Panenské Břežany	Panenské Břežany
Panenské Břežany	Panenské Břežany, zámek
#Pardubice	Pardubice
Pavlov	Pavlov
Petrov	Petrov
Petrov	Petrov - Chlomek
Petrov	Petrov u Prahy
Petrov	Petrov, Bohuliby
Petrov	Petrov, Bohuliby, obora
Petrov	Petrov, Chlomek
Petrov	Petrov, U Ručiček
Petrov	Petrov, Ve Vilách
Petříkov	Petříkov
Petříkov	Petříkov, Radimovice
Petříkov	Petříkov, rozcestí
Pečky	Pečky
Pečky	Pečky, Tona
Pečky	Pečky, Velké Chvalovice
Pečky	Pečky, železniční stanice
Plaňany	Plaňany
Plaňany	Plaňany zastávka
#Plzeň	Plzeň
Podlešín	Podlešín
Podolanka	Podolanka
Poděbrady	Poděbrady, Oáza
Poděbrady	Poděbrady, Přední Lhota, u Kopečků
Poděbrady	Poděbrady, Riegrovo náměstí
Poděbrady	Poděbrady, hřbitov
Poděbrady	Poděbrady, železniční stanice
Pohoří	Pohoří
Pohoří	Pohoří, Chotouň
Pohoří	Pohoří, Markvart
Pohoří	Pohoří, Pohorka
Pohoří	Pohoří, Skalsko
Polerady	Polerady
Polerady	Polerady nad Labem
Polerady	Polerady, rozcestí
Popovičky	Popovičky, Chomutovice
Popovičky	Popovičky, Nebřenice
Popovičky	Popovičky, rozcestí
Postřižín	Postřižín
Postřižín	Postřižín, U kapličky
Poříčany	Poříčany
Poříčany	Poříčany, prodejna
Poříčany	Poříčany, u Hroudů
Poříčany	Poříčany, škola
Poříčany	Poříčany, železniční stanice
Poříčí nad Sázavou	Poříčí nad Sázavou
Poříčí nad Sázavou	Poříčí nad Sázavou - Svárov
Praha	Albertov
Praha	Ametystová
Praha	Amforová
Praha	Anděl
Praha	Antala Staška
Praha	Apolinářská
Praha	Arbesovo náměstí
Praha	Argentinská
Praha	Avia Letňany
Praha	Baba I
Praha	Baba II
Praha	Bachova
Praha	Bakovská
Praha	Balabenka
Praha	Balkán
Praha	Baně
Praha	Barrandov
Praha	Barrandovská
Praha	Barvy a laky
Praha	Basilejské náměstí
Praha	Baterie
Praha	Bavorská
Praha	Bazar
Praha	Bazovského
Praha	Bašteckého
Praha	Belárie
Praha	Benkova
Praha	Bertramka
Praha	Betonárka
Praha	Betáň
Praha	Bezděkovská
Praha	Biskupcova
Praha	Blatiny
Praha	Blatnická
Praha	Blatov
Praha	Blažimská
Praha	Bohdalec
Praha	Bohdalecká
Praha	Bohemians
Praha	Bohnické údolí
Praha	Bojasova
Praha	Bojov
Praha	Boletická
Praha	Bolevecká
Praha	Boloňská
Praha	Botanická zahrada
Praha	Botanická zahrada Troja
Praha	Bořislavka
Praha	Brandýs nad Labem
Praha	Brandýs nad Labem - Zápská
Praha	Brandýs nad Labem zastávka
Praha	Branické náměstí
Praha	Braunova
Praha	Brechtova
Praha	Breitcetlova
Praha	Brodecká
Praha	Brodského
Praha	Brozánská
Praha	Brumlovka
Praha	Bruselská
Praha	Brusnice
Praha	Bryksova
Praha	Bucharova
Praha	Budovec
Praha	Budějovická
Praha	Bulovka
Praha	Butovická
Praha	Bártlova
Praha	Bílenecké náměstí
Praha	Bílá Hora
Praha	Bílá labuť
Praha	Bílý Beránek
Praha	Běchovice
Praha	Bělocerkevská
Praha	Bělohradská
Praha	Bělohrady
Praha	Břetislavka
Praha	Břevnovská
Praha	Břevnovský klášter
Praha	Březiněveská
Praha	Cementárna Radotín
Praha	Centrum Zahradní Město
Praha	Chaplinovo náměstí
Praha	Chmelnice
Praha	Choceradská
Praha	Chodov
Praha	Chodovec
Praha	Chodovská
Praha	Chodovská tvrz
Praha	Cholupice
Praha	Cholupický vrch
Praha	Chotkovy sady
Praha	Chuchle
Praha	Chvaly
Praha	Chýnovská
Praha	Cibulka
Praha	Cikánka
Praha	Ciolkovského
Praha	Ctěnice
Praha	Cukrovar Modřany
Praha	Cukrovar Čakovice
Praha	Cílkova
Praha	Císařská louka
Praha	Darwinova
Praha	Dejvická
Praha	Depo Hostivař
Praha	Depo Kačerov
Praha	Depo Zličín
Praha	Divadlo Gong
Praha	Divadlo Horní Počernice
Praha	Divadlo Na Fidlovačce
Praha	Divadlo pod Palmovkou
Praha	Divoká Šárka
Praha	Dlouhá míle
Praha	Dlouhá třída
Praha	Do Lipan
Praha	Do Rybníčků
Praha	Do Čertous
Praha	Dobeška
Praha	Dobratická
Praha	Dobronická
Praha	Dobročovická
Praha	Doležalova
Praha	Doliny
Praha	Dolnokrčská
Praha	Dolnokřeslická
Praha	Dolnoměcholupská
Praha	Dolní Měcholupy
Praha	Dolní Počernice
Praha	Dolní Šárka
Praha	Domov seniorů Ďáblice
Praha	Donatellova
Praha	Donovalská
Praha	Dostihová
Praha	Drazdecká
Praha	Dreyerova
Praha	Drinopol
Praha	Drobná
Praha	Druhanická
Praha	Družná
Praha	Dubeček
Praha	Dunajecká
Praha	Dvorce
Praha	Dyrinka
Praha	Dívčí hrady
Praha	Dědina
Praha	Dědinova
Praha	Děkanka
Praha	Dělnická
Praha	Dětská nemocnice Karlov
Praha	Dřevařská
Praha	Důstojnické domy
Praha	Elišky Přemyslovny
Praha	Farkáň
Praha	Filmové ateliéry
Praha	Filosofská
Praha	Flora
Praha	Florenc
Praha	Formanská
Praha	Františka Veselého
Praha	Franty Kocourka
Praha	Frančíkova
Praha	Fruta
Praha	Fryčovická
Praha	Garáže Klíčov
Praha	Generála Janouška
Praha	Geologická
Praha	Gercenova
Praha	Grussova
Praha	Habrová
Praha	Hadovitá
Praha	Hadovka
Praha	Halenkovská
Praha	Hanspaulka
Praha	Hasičská
Praha	Hasova
Praha	Hejtmanská
Praha	Hellichova
Praha	Hercovka
Praha	Hlavní
Praha	Hlavní nádraží
Praha	Hloubětín
Praha	Hloubětínská
Praha	Hlubočepská
Praha	Hlubočepy
Praha	Hlušičkova
Praha	Hládkov
Praha	Hněvkovského
Praha	Holečkova
Praha	Holešovice
Praha	Holoubkovská
Praha	Holyně
Praha	Hornocholupická
Praha	Horní cesta
Praha	Horky
Praha	Horoměřická
Praha	Horčičkova
Praha	Hostavice
Praha	Hostivař
Praha	Hostivařská
Praha	Hostivařské náměstí
Praha	Hostýnská
Praha	Hotel Golf
Praha	Hradčanská
Praha	Hrazanská
Praha	Hrnčíře
Praha	Hrnčířský hřbitov
Praha	Hulická
Praha	Huntířovská
Praha	Husinecká
Praha	Hutmanka
Praha	Hutě
Praha	Hybšmanka
Praha	Hydrologický ústav
Praha	Háje
Praha	Hájek
Praha	Hájová
Praha	Högerova
Praha	Hřebenka
Praha	Hříbková
Praha	Hůrka
Praha	I.P.Pavlova
Praha	IKEM
Praha	Internacionální
Praha	Invalidovna
Praha	Italská
Praha	Jahodnice
Praha	Jahodnice II
Praha	Jakobiho
Praha	Jalodvorská
Praha	Jana Masaryka
Praha	Jankovcova
Praha	Janovská
Praha	Jarníkova
Praha	Jedličkův ústav
Praha	Jemnická
Praha	Jenerálka
Praha	Jesenická
Praha	Jezerka
Praha	Jeřická
Praha	Ježovická
Praha	Jindřišská
Praha	Jinonice
Praha	Jinonická
Praha	Jiráskova čtvrť
Praha	Jiráskovo náměstí
Praha	Jirčanská
Praha	Jitřní
Praha	Jiviny
Praha	Jiřího z Poděbrad
Praha	Jižní Město
Praha	Jordánská
Praha	Juliska
Praha	Jílovská
Praha	K Barrandovu
Praha	K Chatám
Praha	K Cihelně
Praha	K Cikánce
Praha	K Drsnici
Praha	K Dubečku
Praha	K Fialce
Praha	K Holyni
Praha	K Horoměřicům
Praha	K Hájům
Praha	K Lesoparku
Praha	K Letišti
Praha	K Letňanům
Praha	K Lipanům
Praha	K Netlukám
Praha	K Noskovně
Praha	K Obecním hájovnám
Praha	K Pitkovičkám
Praha	K Sukovu
Praha	K Teplárně
Praha	K Trninám
Praha	K Tuchoměřicům
Praha	K Třebonicům
Praha	K Vystrkovu
Praha	K Zelenči
Praha	K Závětinám
Praha	K Říčanům
Praha	K Žižkovu
Praha	Kablo
Praha	Kafkova
Praha	Kajetánka
Praha	Kalinův mlýn
Praha	Kamenická
Praha	Kamenolom Zbraslav
Praha	Kamýcká
Praha	Kapitána Stránského
Praha	Karenova
Praha	Karlovo náměstí
Praha	Karlovy lázně
Praha	Karlínské náměstí
Praha	Karlštejnská
Praha	Kateřinky
Praha	Kateřinská
Praha	Katovická
Praha	Kavalírka
Praha	Kavkazská
Praha	Kavčí hory
Praha	Kazanka
Praha	Kazínská
Praha	Kačerov
Praha	Kbelská
Praha	Kbelský hřbitov
Praha	Kbely
Praha	Ke Březině
Praha	Ke Hrázi
Praha	Ke Kaménce
Praha	Ke Kateřinkám
Praha	Ke Klíčovu
Praha	Ke Koulce
Praha	Ke Schodům
Praha	Ke Smrčině
Praha	Ke Stadionu
Praha	Ke Stírce
Praha	Ke Xaverovu
Praha	Kelerka
Praha	Kesnerka
Praha	Khodlova
Praha	Klamovka
Praha	Klikovka
Praha	Kloboučnická
Praha	Klukovice
Praha	Klánova
Praha	Klárův ústav
Praha	Klíčov
Praha	Klíčovská
Praha	Knovízská
Praha	Kněžská luka
Praha	Kobrova
Praha	Kobyliská střelnice
Praha	Kobylisy
Praha	Kodaňská
Praha	Kodymova
Praha	Koh-i-noor
Praha	Kokořínská
Praha	Kolbenova
Praha	Koleje Jižní Město
Praha	Koleje Strahov
Praha	Koleje Větrník
Praha	Kolodějská obora
Praha	Kolonie
Praha	Komárovská
Praha	Konvářka
Praha	Korandova
Praha	Korek
Praha	Korunovační
Praha	Kostrounek
Praha	Kotevní
Praha	Kotlářka
Praha	Kovošrot
Praha	Kovárna
Praha	Kováry
Praha	Kovářova
Praha	Kralupy nad Vltavou předměstí
Praha	Krausova
Praha	Krejcárek
Praha	Krematorium Motol
Praha	Krematorium Strašnice
Praha	Krocínka
Praha	Krymská
Praha	Krystalová
Praha	Králova
Praha	Královická
Praha	Královský letohrádek
Praha	Krčská
Praha	Krčský hřbitov
Praha	Krňovická
Praha	Kublov
Praha	Kubánské náměstí
Praha	Kuchyňka
Praha	Kudrnova
Praha	Kuliška
Praha	Kunratická škola
Praha	Kutnohorská
Praha	Kvasinská
Praha	Květnová
Praha	Kyje
Praha	Kyjský hřbitov
Praha	Kyselova
Praha	Křižíkova
Praha	Křížová
Praha	Labe
Praha	Lahovice
Praha	Lahovický most
Praha	Lahovičky
Praha	Lahovská
Praha	Laurová
Praha	Lazarská
Praha	Lazarská (Spálená ulice)
Praha	Lehovec
Praha	Lehárova
Praha	Letecké muzeum
Praha	Letecké opravny
Praha	Letenské náměstí
Praha	Letiště
Praha	Letiště Václava Havla
Praha	Letňanská
Praha	Letňany
Praha	Levského
Praha	Lešanská
Praha	Lhotecký les
Praha	Lhotka
Praha	Libeňská
Praha	Libeňský most
Praha	Libocká
Praha	Libošovická
Praha	Libuš
Praha	Liběchovská
Praha	Lidečská
Praha	Lihovar
Praha	Limuzská
Praha	Lipanská
Praha	Lipany
Praha	Lipnická
Praha	Lipovická
Praha	Litochlebské náměstí
Praha	Litovický potok
Praha	Livornská
Praha	Lnářská
Praha	Lobkovice
Praha	Lochkov
Praha	Lohenická
Praha	Lomnická
Praha	Lotyšská
Praha	Luka
Praha	Lukavecká
Praha	Lužiny
Praha	Ládví
Praha	Lánská
Praha	Lázeňka
Praha	Líbeznická
Praha	Lýskova
Praha	Macharovo náměstí
Praha	Madlina
Praha	Malešická
Praha	Malešická stráň
Praha	Malešická továrna
Praha	Malešické náměstí
Praha	Malostranská
Praha	Malostranské náměstí
Praha	Malovanka
Praha	Malvazinky
Praha	Malá Chuchle
Praha	Malá Ohrada
Praha	Malý Břevnov
Praha	Maniny
Praha	Marjánka
Praha	Masarykovo nádraží
Praha	Maškův mlýn
Praha	Metodějova
Praha	Mezi Hřbitovy
Praha	Michelangelova
Praha	Michelská
Praha	Michnovka
Praha	Mikulova
Praha	Milevská
Praha	Mirovická
Praha	Miškovice
Praha	Mladějovská
Praha	Mládí
Praha	Mlčechvosty
Praha	Modrá škola
Praha	Modřanská rokle
Praha	Modřanská škola
Praha	Mokrá
Praha	Mokřanská
Praha	Moravanská
Praha	Morseova
Praha	Moráň
Praha	Most Závodu míru
Praha	Motol
Praha	Mototechna
Praha	Mrkosova
Praha	Mrákovská
Praha	Mstětice
Praha	Multiaréna Praha
Praha	Murmanská
Praha	Muzeum
Praha	Myslíkova
Praha	Myšlínská
Praha	Měchenická
Praha	Měděnecká
Praha	Městský archiv
Praha	Můstek
Praha	Na Beránku
Praha	Na Blanici
Praha	Na Bojišti
Praha	Na Boleslavce
Praha	Na Cikorce
Praha	Na Drahách
Praha	Na Groši
Praha	Na Havránce
Praha	Na Homoli
Praha	Na Hroudě
Praha	Na Hvězdárně
Praha	Na Hřebenech
Praha	Na Hůrce
Praha	Na Jelenách
Praha	Na Knížecí
Praha	Na Kovárně
Praha	Na Košíku
Praha	Na Křečku
Praha	Na Lukách
Praha	Na Lysinách
Praha	Na Mlýnici
Praha	Na Mlýnku
Praha	Na Míčánkách
Praha	Na Okraji
Praha	Na Padesátníku
Praha	Na Padesátém
Praha	Na Palouku
Praha	Na Parcelách
Praha	Na Pastvinách
Praha	Na Pazderce
Praha	Na Petynce
Praha	Na Planině
Praha	Na Plácku
Praha	Na Proutcích
Praha	Na Radosti
Praha	Na Santince
Praha	Na Sklonku
Praha	Na Slovance
Praha	Na Smetance
Praha	Na Srpečku
Praha	Na Staré cestě
Praha	Na Strži
Praha	Na Vartě
Praha	Na Vaňhově
Praha	Na Veselí
Praha	Na Viničkách
Praha	Na Vrchách
Praha	Na Vrstevnici
Praha	Na Šabatce
Praha	Na Šafránce
Praha	Na Štamberku
Praha	Nad Běchovicemi
Praha	Nad Dvorem
Praha	Nad Džbánem
Praha	Nad Habrovkou
Praha	Nad Havlem
Praha	Nad Jetelkou
Praha	Nad Klamovkou
Praha	Nad Košíkem
Praha	Nad Malou Ohradou
Praha	Nad Markétou
Praha	Nad Pahorkem
Praha	Nad Parkánem
Praha	Nad Primaskou
Praha	Nad Rybníky
Praha	Nad Trojou
Praha	Nad Zlíchovem
Praha	Nad Závistí
Praha	Nademlejnská
Praha	Naskové
Praha	Nebozízek
Praha	Nelahozeves zámek
Praha	Nemocnice Bubeneč
Praha	Nemocnice Bulovka
Praha	Nemocnice Bulovka - gynekologie
Praha	Nemocnice Bulovka - onkologie
Praha	Nemocnice Krč
Praha	Nemocnice Motol
Praha	Nemocnice Na Františku
Praha	Nemocnice Na Homolce
Praha	Nemocnice Vinohrady
Praha	Nemocnice pod Petřínem
Praha	Nepasické náměstí
Praha	Nerudova
Praha	Netluky
Praha	Netušilská
Praha	Netřeba
Praha	Nevanova
Praha	Newtonova
Praha	Norbertov
Praha	Noutonice
Praha	Novoborská
Praha	Novochuchelská
Praha	Novodvorská
Praha	Novovysočanská
Praha	Novozámecká
Praha	Novoštěrboholská
Praha	Nová kolonie
Praha	Nová Šárka
Praha	Nové Butovice
Praha	Nové Ouholice
Praha	Nové Petrovice
Praha	Nové Pitkovice
Praha	Nové Podolí
Praha	Nové Strašnice
Praha	Nové Vokovice
Praha	Nové dvory {obvod Praha 4}
Praha	Nové náměstí
Praha	Nový Hloubětín
Praha	Nový Prosek
Praha	Nový Slivenec
Praha	Nový Střížkov
Praha	Nuselská radnice
Praha	Nuselské schody
Praha	Nušlova
Praha	Nymburská
Praha	Nábřeží Kapitána Jaroše
Praha	Nádraží Braník
Praha	Nádraží Bubeneč
Praha	Nádraží Běchovice
Praha	Nádraží Dolní Počernice
Praha	Nádraží Holešovice
Praha	Nádraží Horní Měcholupy
Praha	Nádraží Horní Počernice
Praha	Nádraží Hostivař
Praha	Nádraží Klánovice
Praha	Nádraží Klánovice - sever
Praha	Nádraží Krč
Praha	Nádraží Kyje
Praha	Nádraží Libeň
Praha	Nádraží Modřany
Praha	Nádraží Radotín
Praha	Nádraží Ruzyně
Praha	Nádraží Satalice
Praha	Nádraží Strašnice
Praha	Nádraží Uhříněves
Praha	Nádraží Veleslavín
Praha	Nádraží Vršovice
Praha	Nádraží Vysočany
Praha	Nádraží Zbraslav
Praha	Nádraží Čakovice
Praha	Nákladové nádraží Žižkov
Praha	Náměstí Bratří Synků
Praha	Náměstí Jiřího Berana
Praha	Náměstí Míru
Praha	Náměstí Před Bateriemi
Praha	Náměstí Republiky
Praha	Náměstí U Lva
Praha	Náměstí Winstona Churchilla
Praha	Národní divadlo
Praha	Národní třída
Praha	Nárožní
Praha	Násirovo náměstí
Praha	Obchodní centrum Hostivař
Praha	Obchodní centrum Čakovice
Praha	Obchodní centrum Černý Most
Praha	Obchodní centrum Šestka
Praha	Obchodní centrum Štěrboholy
Praha	Obchodní dům Petřiny
Praha	Obchodní náměstí
Praha	Obora Hvězda
Praha	Observatoř Libuš
Praha	Ocelářská
Praha	Oderská
Praha	Odlehlá
Praha	Odra
Praha	Ohrada
Praha	Ohradní
Praha	Ohradské náměstí
Praha	Okořská
Praha	Okrouhlická
Praha	Olšanská
Praha	Olšanské hřbitovy
Praha	Olšanské náměstí
Praha	Opatov
Praha	Opálová
Praha	Ordovická
Praha	Orionka
Praha	Ortenovo náměstí
Praha	Osadní
Praha	Osecká
Praha	Ostrčilovo náměstí
Praha	Otakara Vrby
Praha	Otakarova
Praha	Otradovice
Praha	Otínská
Praha	Otěšínská
Praha	Ovčí hájek
Praha	Ořechovka
Praha	Ořešská
Praha	Paceřická
Praha	Palackého náměstí
Praha	Palmovka
Praha	Palouček
Praha	Pankrác
Praha	Pavelkova
Praha	Pavlíkova
Praha	Pecerady
Praha	Pekárenská
Praha	Pelc - Tyrolka
Praha	Peluněk
Praha	Perlit
Praha	Perunova
Praha	Petržílova
Praha	Petýrkova
Praha	Petřiny
Praha	Petřín
Praha	Picassova
Praha	Pilovská
Praha	Pitkovice
Praha	Platónova
Praha	Plaňanská
Praha	Plošná
Praha	Plužiny
Praha	Plynárna Michle
Praha	Plynárna Satalice
Praha	Plzeňka
Praha	Plánická
Praha	Pobřežní cesta
Praha	Pod Chodovem
Praha	Pod Dálnicí
Praha	Pod Děvínem
Praha	Pod Hradem
Praha	Pod Hájem
Praha	Pod Jezerkou
Praha	Pod Karlovem
Praha	Pod Kesnerkou
Praha	Pod Konvářkou
Praha	Pod Krocínkou
Praha	Pod Kyjovem
Praha	Pod Lipkami
Praha	Pod Lochkovem
Praha	Pod Mezí
Praha	Pod Oborou
Praha	Pod Pekařkou
Praha	Pod Rapidem
Praha	Pod Ryšánkou
Praha	Pod Táborem
Praha	Pod Třebešínem
Praha	Pod Vinicí
Praha	Pod Vsí
Praha	Pod Vyhlídkou
Praha	Pod Zatáčkou
Praha	Pod Řihákem
Praha	Pod Šafránkou
Praha	Pod Šmukýřkou
Praha	Pod Žvahovem
Praha	Podbaba
Praha	Podbělohorská
Praha	Podhajská pole
Praha	Podhoří
Praha	Podkovářská
Praha	Podlužanská
Praha	Podnikatelská
Praha	Podolská vodárna
Praha	Pohořelec
Praha	Polesná
Praha	Polešovická
Praha	Poliklinika Barrandov
Praha	Poliklinika Budějovická
Praha	Poliklinika Frýdecká
Praha	Poliklinika Háje
Praha	Poliklinika Lípa
Praha	Poliklinika Malešice
Praha	Poliklinika Mazurská
Praha	Poliklinika Modřany
Praha	Poliklinika Petrovice
Praha	Poliklinika Petřiny
Praha	Poliklinika Prosek
Praha	Poliklinika Vltavská
Praha	Poliklinika Vysočany
Praha	Poliklinika Zahradní Město
Praha	Poliklinika Černý Most
Praha	Poliklinika Čumpelíkova
Praha	Polygrafická
Praha	Povltavská
Praha	Počeradská
Praha	Pošta Újezd nad Lesy
Praha	Poštovka
Praha	Poštovská
Praha	Praha - Braník
Praha	Praha - Bubeneč
Praha	Praha - Bubny
Praha	Praha - Běchovice
Praha	Praha - Cibulka
Praha	Praha - Dejvice
Praha	Praha - Dolní Počernice
Praha	Praha - Hlubočepy
Praha	Praha - Holešovice
Praha	Praha - Holešovice zastávka
Praha	Praha - Holyně
Praha	Praha - Horní Měcholupy
Praha	Praha - Horní Počernice
Praha	Praha - Hostivař
Praha	Praha - Jinonice
Praha	Praha - Kbely
Praha	Praha - Klánovice
Praha	Praha - Kolovraty
Praha	Praha - Komořany
Praha	Praha - Krč
Praha	Praha - Kyje
Praha	Praha - Libeň
Praha	Praha - Modřany zastávka
Praha	Praha - Radotín
Praha	Praha - Ruzyně
Praha	Praha - Satalice
Praha	Praha - Sedlec
Praha	Praha - Smíchov
Praha	Praha - Smíchov Na Knížecí
Praha	Praha - Smíchov severní nástupiště
Praha	Praha - Stodůlky
Praha	Praha - Strašnice zastávka
Praha	Praha - Uhříněves
Praha	Praha - Veleslavín
Praha	Praha - Velká Chuchle
Praha	Praha - Vršovice
Praha	Praha - Vysočany
Praha	Praha - Zbraslav
Praha	Praha - Zličín
Praha	Praha - Čakovice
Praha	Praha - Řeporyje
Praha	Praha - Žvahov
Praha	Praha Masarykovo nádraží
Praha	Praha hlavní nádraží
Praha	Prašná
Praha	Pražská tržnice
Praha	Pražská čtvrť
Praha	Pražského povstání
Praha	Pražský hrad
Praha	Prosecká
Praha	Prosek
Praha	Prosečnice
Praha	Prosluněná
Praha	Prunéřovská
Praha	Prvomájová
Praha	Právnická fakulta
Praha	Práčská
Praha	Průběžná
Praha	Průchova
Praha	Průhonský háj
Praha	Průmstav
Praha	Průmyslová
Praha	Psohlavců
Praha	Pučálka
Praha	Pánkova
Praha	Pávovské náměstí
Praha	Písková
Praha	Písnice
Praha	Písnická
Praha	Píškova
Praha	Přeštická
Praha	Přeštínská
Praha	Příborská
Praha	Přímské náměstí
Praha	Přírodní
Praha	Přístav Holešovice
Praha	Přístav Radotín
Praha	Přístaviště
Praha	Přívorská
Praha	Přívozní
Praha	Radhošťská
Praha	Radiová
Praha	Radlická
Praha	Radonická
Praha	Radotínská
Praha	Radošovická
Praha	Raichlova
Praha	Rajská zahrada
Praha	Ratibořická
Praha	Reinerova
Praha	Rektorská
Praha	Rembrandtova
Praha	Rohožnická
Praha	Rokoska
Praha	Rokycanova
Praha	Ronešova
Praha	Rosečská
Praha	Rousínovská
Praha	Roztocká
Praha	Roztylské náměstí
Praha	Roztyly
Praha	Rozýnova
Praha	Rtyňská
Praha	Ruská
Praha	Ruzyňská
Praha	Ruzyňská škola
Praha	Ruzyňský hřbitov
Praha	Ruzyňský velkoobchod
Praha	Rychnovská
Praha	Rymaně
Praha	Ryšánka
Praha	Rájecká
Praha	Safírová
Praha	Samechov
Praha	Santoška
Praha	Satalická obora
Praha	Schengenská
Praha	Schodová
Praha	Sdružení
Praha	Sedlecký přívoz
Praha	Sekeřická
Praha	Selská
Praha	Selských baterií
Praha	Sendražická
Praha	Serpentina
Praha	Severozápadní
Praha	Sezemická
Praha	Sibeliova
Praha	Sibiřské náměstí
Praha	Skalka
Praha	Skloněná
Praha	Skládka Chabry
Praha	Skládka Ďáblice
Praha	Sklářská
Praha	Skochovice
Praha	Slatinová
Praha	Slatiňanská
Praha	Slavia
Praha	Slavínského
Praha	Slivenec
Praha	Slivenecká
Praha	Slovinská
Praha	Služská
Praha	Slánská
Praha	Smaragdová
Praha	Smiřická
Praha	Smržovská
Praha	Smíchov
Praha	Smíchovské nádraží
Praha	Sobín
Praha	Solidarita
Praha	Solná
Praha	Sovenická
Praha	Spalovna Malešice
Praha	Sparta
Praha	Spiritka
Praha	Spojovací
Praha	Spolská
Praha	Sportareál Satalice
Praha	Spořická
Praha	Spořilov
Praha	Správa sociálního zabezpečení
Praha	Stadion Strahov
Praha	Starochuchelská
Praha	Starodejvická
Praha	Starolázeňská
Praha	Staroměstská
Praha	Stará Boleslav
Praha	Stará Stodůlecká
Praha	Stará obec
Praha	Staré Bohnice
Praha	Staré Letňany
Praha	Staré náměstí
Praha	Starý Hloubětín
Praha	Starý Prosek
Praha	Starý Spořilov
Praha	Starý Zličín
Praha	Stavební zóna Horní Počernice
Praha	Stejskalova
Praha	Stodůlky
Praha	Strašnice
Praha	Strašnická
Praha	Strnady
Praha	Strojírenská
Praha	Stromovka
Praha	Strossmayerovo náměstí
Praha	Strážní
Praha	Studenecká
Praha	Střelničná
Praha	Střibrná Skalice, náměstí
Praha	Střížkov
Praha	Suchdol
Praha	Sudějovická
Praha	Sulická
Praha	Svatoplukova
Praha	Svatoňovická
Praha	Sídlištní
Praha	Sídliště Barrandov
Praha	Sídliště Bohnice
Praha	Sídliště Hloubětín
Praha	Sídliště Homolka
Praha	Sídliště Jahodnice
Praha	Sídliště Jinonice
Praha	Sídliště Kobylisy
Praha	Sídliště Krč
Praha	Sídliště Lehovec
Praha	Sídliště Lhotka
Praha	Sídliště Libuš
Praha	Sídliště Malešice
Praha	Sídliště Modřany
Praha	Sídliště Na Dědině
Praha	Sídliště Na Groši
Praha	Sídliště Novodvorská
Praha	Sídliště Pankrác
Praha	Sídliště Petrovice
Praha	Sídliště Prosek
Praha	Sídliště Písnice
Praha	Sídliště Radotín
Praha	Sídliště Rohožník
Praha	Sídliště Skalka
Praha	Sídliště Spořilov
Praha	Sídliště Stodůlky
Praha	Sídliště Zahradní Město
Praha	Sídliště Zbraslav
Praha	Sídliště Zličín
Praha	Sídliště Čakovice
Praha	Sídliště Červený Vrch
Praha	Sídliště Čimice
Praha	Sídliště Ďáblice
Praha	Sídliště Řepy
Praha	Tachovské náměstí
Praha	Talichova
Praha	Tehovičky
Praha	Televizní věž
Praha	Tempo
Praha	Teplická
Praha	Teplárna Malešice
Praha	Teplárna Michle
Praha	Teplárna Třeboradice
Praha	Terasy
Praha	Terezínská
Praha	Terminál 1
Praha	Terminál 2
Praha	Terminál 3
Praha	Thákurova
Praha	Tiskařská
Praha	Tolstého
Praha	Topolová
Praha	Toulcův dvůr
Praha	Toužimská
Praha	Továrny Hostivař
Praha	Točná
Praha	Trojská
Praha	Trutnovská
Praha	Tuháňská
Praha	Tupolevova
Praha	Tusarova
Praha	Tylova čtvrť
Praha	Tyršova čtvrť
Praha	Tálínská
Praha	Těšnov
Praha	Třebenická
Praha	Třebešovská
Praha	Třebešín
Praha	Třebonice
Praha	Třeboradice
Praha	Třinecká
Praha	U Belárie
Praha	U Bílého mlýnku
Praha	U Dobešky
Praha	U Drahaně
Praha	U Dálnice
Praha	U Elektry
Praha	U Hangáru
Praha	U Háje
Praha	U Jankovky
Praha	U Kapličky
Praha	U Kaštanu
Praha	U Kestřánků
Praha	U Kundratky
Praha	U Kunratického lesa
Praha	U Kříže
Praha	U Křížku
Praha	U Labutě
Praha	U Ladronky
Praha	U Lesíka
Praha	U Libušské sokolovny
Praha	U Libušského potoka
Praha	U Lomů
Praha	U Lípy
Praha	U Matěje
Praha	U Měchurky
Praha	U Nemocnice
Praha	U Palaty
Praha	U Památníku
Praha	U Počernického rybníka
Praha	U Prioru
Praha	U Průhonu
Praha	U Průseku
Praha	U Radiály
Praha	U Rozcestí
Praha	U Spojů
Praha	U Staré pošty
Praha	U Studánky
Praha	U Střediska
Praha	U Tabulky
Praha	U Továren
Praha	U Tří svatých
Praha	U Vodojemu
Praha	U Vody
Praha	U Vojenské nemocnice
Praha	U Václava
Praha	U Včely
Praha	U Waltrovky
Praha	U Zvoničky
Praha	U Zvonu
Praha	U Školy
Praha	Uhříněves
Praha	Uhříněveský hřbitov
Praha	Ukrajinská
Praha	Urbanova
Praha	Urxova
Praha	V Chotejně
Praha	V Korytech
Praha	V Ladech
Praha	V Lískách
Praha	V Mokřinách
Praha	V Nových domcích
Praha	V Násypu
Praha	V Podbabě
Praha	V Přístavu
Praha	V Remízku
Praha	V Rybníčkách
Praha	V Sedlci
Praha	V Sudech
Praha	V Uličce
Praha	V Zápolí
Praha	V Zátiší
Praha	Vackov
Praha	Vackova
Praha	Vajgarská
Praha	Valtická
Praha	Ve Studeném
Praha	Ve Vilkách
Praha	Ve Výrech
Praha	Ve Žlíbku
Praha	Veletržní palác
Praha	Velká Bučina
Praha	Velká Chuchle
Praha	Velká Ohrada
Praha	Venušina
Praha	Veronské náměstí
Praha	Veslařský ostrov
Praha	Vidoule
Praha	Vinice
Praha	Vinohradská
Praha	Vinohradská tržnice
Praha	Vinohradská vodárna
Praha	Vinohradské hřbitovy
Praha	Vinopalnická
Praha	Vinořský hřbitov
Praha	Vlastibořská
Praha	Vlastina
Praha	Vlašimská
Praha	Vlkovec
Praha	Vlnitá
Praha	Vltavská
Praha	Vodičkova
Praha	Vojenská nemocnice
Praha	Vojická
Praha	Volha
Praha	Vosmíkových
Praha	Vozovna Hloubětín
Praha	Vozovna Kobylisy
Praha	Vozovna Motol
Praha	Vozovna Pankrác
Praha	Vozovna Strašnice
Praha	Vozovna Střešovice
Praha	Vozovna Vokovice
Praha	Vozovna Žižkov
Praha	Vratislavova
Praha	Vrbova
Praha	Vrážská
Praha	Vršovické náměstí
Praha	Vršovický hřbitov
Praha	Vychovatelna
Praha	Vypich
Praha	Vyskočilova
Praha	Vysokovská
Praha	Vysočanská
Praha	Vyšehrad
Praha	Václavka
Praha	Václavské náměstí
Praha	Vítězné náměstí
Praha	Výhledské náměstí
Praha	Výhledy
Praha	Výstaviště Holešovice
Praha	Výstaviště Letňany
Praha	Výtoň
Praha	Výzkumné ústavy Běchovice
Praha	Větrník
Praha	Větrov
Praha	Všestarská
Praha	Wagnerova
Praha	Wattova
Praha	Weberova
Praha	Winklerova
Praha	Xaverovský háj
Praha	Za Chalupami
Praha	Za Farou
Praha	Za Horou
Praha	Za Mototechnou
Praha	Za Nadjezdem
Praha	Za Pavilonem
Praha	Za Skalkou
Praha	Za Slánskou silnicí
Praha	Za Tratí
Praha	Za Čimickým hájem
Praha	Zadní Jiviny
Praha	Zadní Kopanina
Praha	Zahradnictví
Praha	Zahradní Město
Praha	Zahradníčkova
Praha	Zamašská
Praha	Zamenhofova
Praha	Zatáčka
Praha	Zborovská
Praha	Zbraslavské náměstí
Praha	Zbyslavská
Praha	Zderazská
Praha	Zdiměřická
Praha	Zelená
Praha	Zelená liška
Praha	Zelené domky
Praha	Zelený pruh
Praha	Zemanka
Praha	Zeměchy
Praha	Zemědělská univerzita
Praha	Zentiva
Praha	Zhořelecká
Praha	Zlenice
Praha	Zličín
Praha	Zlíchov
Praha	Zmrzlík
Praha	Zoologická zahrada
Praha	Zvonařka
Praha	Záběhlice
Praha	Záběhlická škola
Praha	Záhorského
Praha	Zámky
Praha	Zátišská
Praha	Závodiště Chuchle
Praha	Újezd
Praha	Ústav mateřství
Praha	Ústavy Akademie věd
Praha	Ústřední
Praha	Ústřední dílny DP
Praha	ČSAD Smíchov
Praha	Čakovice
Praha	Čakovická
Praha	Čakovický zámek
Praha	Čechova čtvrť
Praha	Čechova škola
Praha	Čechovo náměstí
Praha	Čechův most
Praha	Černická
Praha	Černokostelecká
Praha	Černínova
Praha	Černý Most
Praha	Černý kůň
Praha	Čertousy
Praha	Čertův vršek
Praha	Červený Vrch
Praha	Červený dvůr
Praha	Červeňanského
Praha	Českobrodská
Praha	Českolipská
Praha	Českomoravská
Praha	Čimice
Praha	Čimický háj
Praha	Čínská
Praha	Ďáblický hřbitov
Praha	Řeporyjské náměstí
Praha	Řepský hřbitov
Praha	Řepínská
Praha	Řepčická
Praha	Řezáčovo náměstí
Praha	Řež
Praha	Římská
Praha	Říčanova
Praha	Šafránecká
Praha	Šafránkova
Praha	Šatovka
Praha	Šeberák
Praha	Šedivého
Praha	Šimůnkova
Praha	Škola Dolní Počernice
Praha	Škola Dubeč
Praha	Škola Kolovraty
Praha	Škola Lipence
Praha	Škola Nebušice
Praha	Škola Radlice
Praha	Škola Radotín
Praha	Škola Velká Chuchle
Praha	Škola Řepy
Praha	Škola Štěrboholy
Praha	Šmukýřka
Praha	Špejchar
Praha	Šperlova
Praha	Špitálka
Praha	Špitálská
Praha	Šporkova
Praha	Štefkova
Praha	Štěchovická
Praha	Štěpařská
Praha	Štěpnice
Praha	Štěpničná
Praha	Štěpánská
Praha	Šumavská
Praha	Šumperská
Praha	Švandovo divadlo
Praha	Žabovřeská
Praha	Želivecká
Praha	Želivského
Praha	Ženské domovy
Praha	Žežulka
Praha	Živcová
Praha	Žižkov
Praha	Žvahov
Praha	Žákovská
Praha	Žárská
Prusice	Prusice
Prusice	Prusice, rozcestí
Průhonice	Průhonice
Průhonice	Průhonice, Hole
Průhonice	Průhonice, Komárov
Průhonice	Průhonice, Rozkoš
Průhonice	Průhonice, Tovární
Průhonice	Průhonice, hájovna
Psáry	Psáry
Psáry	Psáry, Dolní Jirčany
Psáry	Psáry, Dolní Jirčany, cihelna
Psáry	Psáry, Domov Laguna
Psáry	Psáry, Štědřík
Ptice	Ptice
Ptice	Ptice, křižovatka
Pyšely	Pyšely
Pyšely	Pyšely, Nová Ves
Pyšely	Pyšely, Zaječice
Pyšely	Pyšely, hotel Doly
Pyšely	Pyšely, náměstí
Pyšely	Pyšely, sokolovna
Písečná	Písečná
Písková Lhota	Písková Lhota
Pětihosty	Pětihosty
Předboj	Předboj
Přední Kopanina	Přední Kopanina
Přehvozdí	Přehvozdí
Přehvozdí	Přehvozdí, U hřbitova
Přerov nad Labem	Přerov nad Labem, Nový Přerov
Přerov nad Labem	Přerov nad Labem, U skanzenu
Přerov nad Labem	Přerov nad Labem, rozcestí u obory
Přezletice	Přezletice, Horní náves
Přezletice	Přezletice, Kocanda
Přezletice	Přezletice, Vinořská
Přistoupim	Přistoupim
Přistoupim	Přistoupim, rozcestí
Přišimasy	Přišimasy
Přišimasy	Přišimasy, Horka
Rabyně	Rabyně, Blaženice
Rabyně	Rabyně, Loutí
Rabyně	Rabyně, Měřín
Rabyně	Rabyně, Nedvězí
Rabyně	Rabyně, Stromeč
Rabyně	Rabyně, Strážovna
Rabyně	Rabyně, hlavní přístav
Rabyně	Rabyně, hotel Nová Rabyně
Rabyně	Rabyně, rozcestí Blaženice
Radim	Radim
Radonice	Radonice
Radonice	Radonice, Ligasova
Radonice	Radonice, Penny Market
Radějovice	Radějovice
Radějovice	Radějovice, Olešky
Ratboř	Ratboř, rozcestí Těšínky
Roblín	Roblín
Roblín	Roblín, Kuchařík
Roblín	Roblín, hájovna
Rostoklaty	Rostoklaty
Rostoklaty	Rostoklaty, Nová Ves II
Rostoklaty	Rostoklaty, železniční stanice
#Roztoky	Roztoky
Roztoky	Roztoky - Žalov
Roztoky	Roztoky u Prahy
Roztoky	Roztoky, Levý Hradec
Roztoky	Roztoky, Tyršovo náměstí
Roztoky	Roztoky, U rybníčku
Roztoky	Roztoky, nádraží
Roztoky	Roztoky, rozcestí Žalov
Rudná	Rudná u Prahy
Rudná	Rudná, Celní úřad
Rudná	Rudná, Delvita
Rudná	Rudná, Dušníky
Rudná	Rudná, FIC
Rudná	Rudná, Hewlett - Packard
Rudná	Rudná, Hořelice
Rudná	Rudná, Nerudova
Rudná	Rudná, U kina
Rudná	Rudná, U nádraží
Rudná	Rudná, V Brance
Rudná	Rudná, zdravotní středisko
Rudná	Rudná, škola
Sadská	Sadská
Sadská	Sadská, Husova
Sadská	Sadská, Mrsolská cesta
Sadská	Sadská, Prokopova
Sadská	Sadská, hotel Modrá hvězda
Sadská	Sadská, kaple
Satalice	Satalice
Sedlec	Sedlec {obvod Praha 6}
Sedlec	Sedlec {okres Praha - východ}
Sedlec	Sedlec, PEMA {okres Praha - východ}
Sedlec	Sedlec, Školní {okres Praha - východ}
Semice	Semice
Semice	Semice, křižovatka
Semice	Semice, rozcestí Velenka
Semice	Semice, školka
Senohraby	Senohraby
Senohraby	Senohraby, U zvoničky
Senohraby	Senohraby, odbočka
Senohraby	Senohraby, železniční stanice
Sibřina	Sibřina
Sibřina	Sibřina, Stupice
Sibřina	Sibřina, Říčanská
Skorkov	Skorkov, Otradovice
Skorkov	Skorkov, Otradovice, křižovatka
Skorkov	Skorkov, Podbrahy
Skorkov	Skorkov, u transformátoru
Skuhrov	Skuhrov pod Brdy
Slapy	Slapy, Jednota
Slapy	Slapy, Na Rovínku
Slapy	Slapy, Na polesí
Slapy	Slapy, motorest I
Slapy	Slapy, motorest II
Sluhy	Sluhy
Sluhy	Sluhy, Nad Hájem
Sluhy	Sluhy, rozcestí Brázdim
Sluštice	Sluštice, škola
Sojovice	Sojovice
Srbsko	Srbsko
Stará Huť	Stará Huť
Starý Vestec	Starý Vestec
Statenice	Statenice
Statenice	Statenice, U kovárny
Statenice	Statenice, Černý Vůl
Statenice	Statenice, Černý Vůl, hospoda
Staňkovice	Staňkovice
Staňkovice	Staňkovice, Chlum, rozcestí
Staňkovice	Staňkovice, Nová Ves, rozcestí
Staňkovice	Staňkovice, Ostašov, rozcestí
Staňkovice	Staňkovice, Smilovice, rozcestí
Strančice	Strančice
Strančice	Strančice, Kašovice
Strančice	Strančice, Otice
Strančice	Strančice, Otice, U viaduktu
Strančice	Strančice, Předboř
Strančice	Strančice, Svojšovice
Strančice	Strančice, Všechromy
Strančice	Strančice, Všechromy, náves
Strančice	Strančice, rozcestí průmyslová zóna
Strančice	Strančice, škola
Strančice	Strančice, železniční stanice
Stratov	Stratov
Struhařov	Struhařov
Struhařov	Struhařov, Habr
Struhařov	Struhařov, U hřiště
Středokluky	Středokluky
Stříbrná Skalice	Stříbrná Skalice
Stříbrná Skalice	Stříbrná Skalice, Blatiny
Stříbrná Skalice	Stříbrná Skalice, Hradec
Stříbrná Skalice	Stříbrná Skalice, Hradové Střimelice
Stříbrná Skalice	Stříbrná Skalice, Hruškov
Stříbrná Skalice	Stříbrná Skalice, Kostelní Střimelice
Stříbrná Skalice	Stříbrná Skalice, Kostelní Střimelice, Skalka
Stříbrná Skalice	Stříbrná Skalice, Propast
Stříbrná Skalice	Stříbrná Skalice, U Konvalinků
Stříbrná Skalice	Stříbrná Skalice, V Můstkách
Stříbrná Skalice	Stříbrná Skalice, Vozlín
Stříbrná Skalice	Stříbrná Skalice, železniční stanice
Suchdol	Suchdol {okres Kutná Hora}
Suchdol	Suchdol, Vysoká, rozcestí {okres Kutná Hora}
Sudovo Hlavno	Sudovo Hlavno
Sudovo Hlavno	Sudovo Hlavno, rozcestí k hájence
Sulice	Sulice
Sulice	Sulice, Biopharm - VÚ
Sulice	Sulice, Hlubočinka
Sulice	Sulice, Na Křížkách
Sulice	Sulice, rozcestí Nechánice
Sulice	Sulice, rozcestí Radějovice
Sulice	Sulice, Želivec
Sulice	Sulice, Želivec, Mandava
Svatý Jan pod Skalou	Svatý Jan pod Skalou
Svatý Jan pod Skalou	Svatý Jan pod Skalou, Sedlec
Svatý Jan pod Skalou	Svatý Jan pod Skalou, Svatý Jánek
Svojetice	Svojetice
Svojetice	Svojetice, K Tehovci
Svojetice	Svojetice, Na skalce
Svojetice	Svojetice, Na vyhlídce
Svojetice	Svojetice, U hájenky
Svrkyně	Svrkyně
Svárov	Svárov
Svárov	Svárov, Rymáň
Svárov	Svárov, škola
Svémyslice	Svémyslice
Svépravice	Svépravice
Světice	Světice
Sychrov	Sychrov
Sázava	Sázava - Černé Budy
Sázava	Sázava zastávka
Sázava	Sázava, autobusové stanoviště
Sázava	Sázava, osada Kopaniny
Sázava	Sázava, Černé Budy
Tachlovice	Tachlovice, Jakubská náves
Tachlovice	Tachlovice, Na vrškách
Tatce	Tatce
Tatce	Tatce, železniční zastávka
Tehov	Tehov
Tehov	Tehov, Lada
Tehovec	Tehovec
Tehovec	Tehovec, Mototechna
Tehovec	Tehovec, Vojkov
Tismice	Tismice
Tismice	Tismice, Limuzy
Tismice	Tismice, MŠ
Tismice	Tismice, Na Kopečku
Tismice	Tismice, bytovky
Tišice	Tišice
Tišice	Tišice, Chrást
Tišice	Tišice, Kozly
Tišice	Tišice, závod Kafilerie
Toušice	Toušice
Trnová	Trnová
Trnová	Trnová, rozcestí
Trnová	Trnová, škola
Tuchoměřice	Tuchoměřice
Tuchoměřice	Tuchoměřice, Kněžívka
Tuchoměřice	Tuchoměřice, Pastvišťata
Tuchoměřice	Tuchoměřice, U dvora
Tuchoměřice	Tuchoměřice, komerční zóna
Tuchoměřice	Tuchoměřice, kulturní dům
Tuchoměřice	Tuchoměřice, rozcestí
Tuchoměřice	Tuchoměřice, zámek
Tuchoměřice	Tuchoměřice, Špejchar
Tuchoměřice	Tuchoměřice, Štěrbův mlýn
Tuchoraz	Tuchoraz
Tuchoraz	Tuchoraz, U sadů
Tuhaň	Tuhaň
Tuhaň	Tuhaň, Červená Píska
Tuhaň	Tuhaň, Červená Píska, I
Tuklaty	Tuklaty
Tuklaty	Tuklaty, Tlustovousy
Tursko	Tursko
Týnec nad Sázavou	Týnec nad Sázavou
Týnec nad Sázavou	Týnec nad Sázavou, autobusové stanoviště
Týnec nad Sázavou	Týnec nad Sázavou, hrad Zbořený Kostelec
Týnec nad Sázavou	Týnec nad Sázavou, Čakovice
Týnec nad Sázavou	Týnec nad Sázavou, Čisté potoky
Třebestovice	Třebestovice
Třebotov	Třebotov
Třebotov	Třebotov, Kala
Třebotov	Třebotov, Solopisky
Třebotov	Třebotov, Solopisky, ZD
Třebotov	Třebotov, pomník
Třebotov	Třebotov, sanatorium
Třebotov	Třebotov, škola
Třebovle	Třebovle
Třebovle	Třebovle, Borek
Třebovle	Třebovle, Království, rozcestí
Uhlířské Janovice	Uhlířské Janovice, náměstí
Unhošť	Unhošť
Unhošť	Unhošť, náměstí
Velenka	Velenka
Veleň	Veleň
Veleň	Veleň, Mírovice
Veleň	Veleň, U Pomníku
Veliká Ves	Veliká Ves
Velká Lečice	Velká Lečice
Velké Popovice	Velké Popovice
Velké Popovice	Velké Popovice, Brtnice
Velké Popovice	Velké Popovice, Lojovice
Velké Popovice	Velké Popovice, Todice
Velké Popovice	Velké Popovice, pivovar
Velké Popovice	Velké Popovice, rozcestí Krámský
Velké Popovice	Velké Popovice, Řepčice
Velké Popovice	Velké Popovice, škola
Velké Přílepy	Velké Přílepy
Velké Přílepy	Velké Přílepy, Pražská
Velké Přílepy	Velké Přílepy, Roztocká
Veltrusy	Veltrusy
Veltrusy	Veltrusy, STS
Velvary	Velvary
Vestec	Vestec, Obecní úřad
Vestec	Vestec, Safina
Vestec	Vestec, U Klimešů
Vestec	Vestec, U vodárny
Vestec	Vestec, Šátalka
Vinohrady	Vinohrady
Vinoř	Vinoř
Vitice	Vitice
Vitice	Vitice, Chotýš
Vitice	Vitice, Dobré Pole
Vitice	Vitice, Hřiby
Vitice	Vitice, Lipany, mohyla
Vitice	Vitice, Močedník
Vitice	Vitice, u školy
Višňová	Višňová
Vlkančice	Vlkančice
Vlkančice	Vlkančice, Komorce
Vlkančice	Vlkančice, Pyskočely
Vlkančice	Vlkančice, Pyskočely, Na Bábě
Vlkančice	Vlkančice, Pyskočely, Plužiny
Vlkančice	Vlkančice, Stará Hůra
Vlkančice	Vlkančice, U Králů
Vlkančice	Vlkančice, U zbořeného mlýna
Vodochody	Vodochody
Vodochody	Vodochody, Hoštice
Vodochody	Vodochody, U školy
Vodochody	Vodochody, rozcestí Hoštice
Vojkovice	Vojkovice
Vojkovice	Vojkovice, Bukol
Vojkovice	Vojkovice, Bukol, přívoz
Vojkovice	Vojkovice, Dědibaby
Vojkovice	Vojkovice, Křivousy
Vonoklasy	Vonoklasy
Vonoklasy	Vonoklasy, chaty
Vonoklasy	Vonoklasy, samoobsluha
Voznice	Voznice
Voznice	Voznice, Chouzavá
Voznice	Voznice, polesí
Vrané nad Vltavou	Vrané nad Vltavou
Vrané nad Vltavou	Vrané nad Vltavou, škola
Vraňany	Vraňany
Vrbčany	Vrbčany
Vrátkov	Vrátkov
Vráž	Vráž u Berouna
Vráž	Vráž, U jelena
Vráž	Vráž, rozcestí k železniční stanici
Vykáň	Vykáň
Vysoký Újezd	Vysoký Újezd {okres Benešov}
Vysoký Újezd	Vysoký Újezd {okres Praha - západ}
Vysoký Újezd	Vysoký Újezd, Kozolupy {okres Praha - západ}
Vysoký Újezd	Vysoký Újezd, Kuchař, I {okres Praha - západ}
Vysoký Újezd	Vysoký Újezd, Kuchař, II {okres Praha - západ}
Vysoký Újezd	Vysoký Újezd, sokolovna {okres Praha - západ}
Vyšehořovice	Vyšehořovice
Vyšehořovice	Vyšehořovice, Kozovazy
Vyšehořovice	Vyšehořovice, Vyšehořovičky
Vyžlovka	Vyžlovka
Vyžlovka	Vyžlovka, hotel Praha
Výžerky	Výžerky
Výžerky	Výžerky, rozcestí
Větrušice	Větrušice
Všenory	Všenory
Všenory	Všenory, U Kácovských
Všenory	Všenory, U Křížků
Všenory	Všenory, sportovní areál
Všeradice	Všeradice
Všestary	Všestary
Všestary	Všestary, Vávrov
Všestary	Všestary, rozcestí Menčice
Všestudy	Všestudy
Všestudy	Všestudy, Dušníky nad Vltavou
Všestudy	Všestudy, u sušárny
Všetaty	Všetaty
Všetaty	Všetaty, Přívory
Všetaty	Všetaty, Přívory, Průhon
Všetaty	Všetaty, odbočka k Přívorům
Xaverov	Xaverov
Zadní Třebaň	Zadní Třebaň
Zahořany	Zahořany, zvláštní škola
Zahrádky	Zahrádky
Zalešany	Zalešany
Zborov	Zborov - Strašnické divadlo
Zbuzany	Zbuzany
Zbuzany	Zbuzany, Obecní úřad
Zbuzany	Zbuzany, nádraží
Zdiby	Zdiby
Zdiby	Zdiby, Přemyšlení
Zdiby	Zdiby, Přemyšlení, V Remízkách
Zdiby	Zdiby, U celnice
Zdiby	Zdiby, U parku
Zdiby	Zdiby, Veltěž
Zdiby	Zdiby, Veltěž, pošta
Zdiby	Zdiby, Výzkumný ústav
Zeleneč	Zeleneč
Zeleneč	Zeleneč, Bezručova
Zeleneč	Zeleneč, obora
Zeleneč	Zeleneč, u hřiště
Zeleneč	Zeleneč, železniční zastávka
Zlatníky - Hodkovice	Zlatníky - Hodkovice, Břežanská
Zlatníky - Hodkovice	Zlatníky - Hodkovice, Slunečná
Zlatníky - Hodkovice	Zlatníky - Hodkovice, U hasičárny
Zlatníky - Hodkovice	Zlatníky - Hodkovice, náves
Zlatníky - Hodkovice	Zlatníky - Hodkovice, u prodejny
Zlatá	Zlatá
Zlonín	Zlonín
Zlončice	Zlončice
Zlosyň	Zlosyň
Zvole	Zvole
Zvole	Zvole, Jílovská
Zvole	Zvole, Nová Zvole
Zvole	Zvole, Černíky
Zvole	Zvole, škola
Zvoleněves	Zvoleněves
Zvánovice	Zvánovice
Zvánovice	Zvánovice, Kádov
Zákolany	Zákolany
Zákolany	Zákolany zastávka
Zálesí	Zálesí
Zálezlice	Zálezlice
Zálezlice	Zálezlice, Kozárovice
Zálezlice	Zálezlice, rozcestí
Zápy	Zápy
Zápy	Zápy, Ostrov, lázně
Zápy	Zápy, PREFA
Zápy	Zápy, Stavby mostů
Zápy	Zápy, Tesco Brandýs nad Labem
Zápy	Zápy, U pomníku
Záryby	Záryby
Záryby	Záryby, Martinov
Zásmuky	Zásmuky
Zásmuky	Zásmuky, Doubravčany
Zásmuky	Zásmuky, Dupanda
Zásmuky	Zásmuky, náměstí
Zásmuky	Zásmuky, rozcestí Vršice
Zásmuky	Zásmuky, u sokolovny
Závist	Závist
Úholičky	Úholičky
Úholičky	Úholičky, V kopci
Úhonice	Úhonice
Úhonice	Úhonice, škola
Újezd	Újezd nad Lesy
Újezdec	Újezdec
Únětice	Únětice
Únětice	Únětice, Na parcelách
Únětice	Únětice, Obecní úřad
Úvaly	Úvaly
Úvaly	Úvaly, Elektromechanika
Úvaly	Úvaly, Husova
Úvaly	Úvaly, Na Slovanech
Úvaly	Úvaly, Radlická čtvrť
Úvaly	Úvaly, U Mlýna
Úvaly	Úvaly, U MŠ
Úvaly	Úvaly, U hřbitova
Úvaly	Úvaly, V Setých
Úvaly	Úvaly, náměstí
Úvaly	Úvaly, rozcestí Horoušánky
Úvaly	Úvaly, rozcestí Slovany
Úvaly	Úvaly, železniční stanice
Úžice	Úžice
Úžice	Úžice {okres Mělník}
Úžice	Úžice, Benátky {okres Kutná Hora}
Úžice	Úžice, Chrastná, rozcestí {okres Kutná Hora}
Úžice	Úžice, Kopeč {okres Mělník}
Úžice	Úžice, Netřeba {okres Mělník}
Úžice	Úžice, Smrk, rozcestí {okres Kutná Hora}
Úžice	Úžice, rozcestí Mělník {okres Kutná Hora}
Úžice	Úžice, Čekánov, rozcestí {okres Kutná Hora}
Úžice	Úžice, Červená Lhota {okres Mělník}
Čakovičky	Čakovičky
Čelákovice	Čelákovice
Čelákovice	Čelákovice - Jiřina
Čelákovice	Čelákovice zastávka
Čelákovice	Čelákovice, Kovohutě
Čelákovice	Čelákovice, Rumunská
Čelákovice	Čelákovice, Sedlčánky
Čelákovice	Čelákovice, TOS
Čelákovice	Čelákovice, V Prokopě
Čelákovice	Čelákovice, V hájku
Čelákovice	Čelákovice, Záluží
Čelákovice	Čelákovice, Záluží, cihelna
Čelákovice	Čelákovice, náměstí
Čelákovice	Čelákovice, rozcestí Sedlčánky
Čelákovice	Čelákovice, železniční stanice
Černolice	Černolice
Černolice	Černolice, Nový Dvůr
Černošice	Černošice
Černošice	Černošice - Mokropsy
Černošice	Černošice, II, škola
Černošice	Černošice, Javorová
Černošice	Černošice, Kladenská
Černošice	Černošice, Komenského
Černošice	Černošice, U Vodárny
Černošice	Černošice, Vráž, U transformátoru
Černošice	Černošice, Vráž, samoobsluha
Černošice	Černošice, železniční zastávka
Černé Voděrady	Černé Voděrady
Černé Voděrady	Černé Voděrady, Chaloupky
Černé Voděrady	Černé Voděrady, Obecní úřad
Černíky	Černíky
Červený Újezd	Červený Újezd
Červený Újezd	Červený Újezd, U Náprstků
Červený Újezd	Červený Újezd, rozcestí
Čerčany	Čerčany
Český Brod	Český Brod
Český Brod	Český Brod, Jana Kouly
Český Brod	Český Brod, Jungmannova
Český Brod	Český Brod, Kollárova
Český Brod	Český Brod, Liblice, Bylanská
Český Brod	Český Brod, Liblice, SEŠ
Český Brod	Český Brod, Liblice, obec
Český Brod	Český Brod, Liblice, vodárna
Český Brod	Český Brod, Na Bulánce
Český Brod	Český Brod, U vodárny
Český Brod	Český Brod, Zahrady
Český Brod	Český Brod, Zborovská
Český Brod	Český Brod, muzeum
Český Brod	Český Brod, nemocnice
Český Brod	Český Brod, sídliště
Český Brod	Český Brod, Štolmíř
Český Brod	Český Brod, železniční stanice
Čestlice	Čestlice
Čestlice	Čestlice, Albert hypermarket
Čestlice	Čestlice, Asbis
Čestlice	Čestlice, Kika - Aquapalace
Čestlice	Čestlice, Lipová
Čestlice	Čestlice, Polní
Čestlice	Čestlice, Rehau
Čestlice	Čestlice, V Oblouku
Čisovice	Čisovice
Čisovice	Čisovice, Bojov
Čisovice	Čisovice, Bojov, Višňovka
Čisovice	Čisovice, Bojov, železniční stanice
Čisovice	Čisovice, Pod Horou
Čisovice	Čisovice, u školy
Čisovice	Čisovice, železniční stanice
Čtyřkoly	Čtyřkoly
#Čím	Čím
#Čím	Čím, Hrdlička
Ďáblice	Ďáblice
Řehenice	Řehenice, Babice
Řehenice	Řehenice, Dařbože
Řehenice	Řehenice, Křiváček
Řevnice	Řevnice
Řevnice	Řevnice, náměstí
Řitka	Řitka
Řitka	Řitka, Bučina
Řitka	Řitka, hlavní silnice
Říčany	Říčany
Říčany	Říčany, 5. května
Říčany	Říčany, Fibichova
Říčany	Říčany, Jažlovice
Říčany	Říčany, K železniční stanici
Říčany	Říčany, Komenského náměstí
Říčany	Říčany, Kuří
Říčany	Říčany, Kuříčko
Říčany	Říčany, Marvánek
Říčany	Říčany, Nádraží
Říčany	Říčany, Olivovna
Říčany	Říčany, Pacov
Říčany	Říčany, Pacov, Horní Pacov
Říčany	Říčany, Pivoňková
Říčany	Říčany, Pod Kavčí Skálou
Říčany	Říčany, Pod lihovarem
Říčany	Říčany, Podhradí
Říčany	Říčany, Rychta
Říčany	Říčany, Spojovací ZŠ
Říčany	Říčany, Strašín
Říčany	Říčany, Strašín, restaurace
Říčany	Říčany, U Milána
Říčany	Říčany, U Větrníku
Říčany	Říčany, U lípy
Říčany	Říčany, U nemocnice
Říčany	Říčany, Voděradská
Říčany	Říčany, Voděrádky
Říčany	Říčany, Voděrádky, Pod Mostem
Říčany	Říčany, Voděrádky, U Kapličky
Říčany	Říčany, Wolkerova
Říčany	Říčany, hřbitov
Říčany	Říčany, náměstí
Říčany	Říčany, park A. Švehly
Říčany	Říčany, průmyslová zóna Zděbrady
Říčany	Říčany, průmyslový areál Černokostelecká
Říčany	Říčany, sídliště Olivovna
Říčany	Říčany, u podjezdu
Říčany	Říčany, Černokostelecká
Říčany	Říčany, Štefánikova
Šeberov	Šeberov
Šestajovice	Šestajovice, Balkán
Šestajovice	Šestajovice, Pražská
Šestajovice	Šestajovice, U školy
Šestajovice	Šestajovice, Za Stodolami
Škvorec	Škvorec, MŠ
Škvorec	Škvorec, Třebohostice
Škvorec	Škvorec, Třebohostice, škola
Škvorec	Škvorec, náměstí
Škvorec	Škvorec, rozcestí
Škvorec	Škvorec, rozcestí Zlatá
Štíhlice	Štíhlice
Štíhlice	Štíhlice, Doubravčická
Štěchovice	Štěchovice
Štěchovice	Štěchovice, Masečín
Štěchovice	Štěchovice, Masečín, Chrástky
Štěchovice	Štěchovice, Třebenice
Štěchovice	Štěchovice, nad horou
Štěrboholy	Štěrboholy
Žabonosy	Žabonosy
Žabovřesky	Žabovřesky
Ždánice	Ždánice
Ždánice	Ždánice, U Jánů
Bukovec	Bukovec
Bukovec	Bukovec, papírna
Bušovice	Bušovice
Bušovice	Bušovice, Sedlecko
Chlumek	Chlumek
Chotěšov	Chotěšov, u školy
Chotěšov	Chotěšov, žel. st.
Chrást	Chrást, Lidový dům
Chrást	Chrást, konečná
Chrást	Chrást, rozvodna
Chrást	Chrást, u školy
Dýšina	Dýšina
Dýšina	Dýšina, Armaturka
Dýšina	Dýšina, Nová Huť
Dýšina	Dýšina, generála Pattona
Dýšina	Dýšina, náves
Dýšina	Dýšina, u viaduktu
Dýšina	Dýšina, Škoda Engineering
Kozolupy	Kozolupy, I
Kozolupy	Kozolupy, u Jána
Kyšice	Kyšice
Kyšice	Kyšice, OÚ
Křimice	Křimice
Křimice	Křimice, Chebská
Křimice	Křimice, U zámku
Křimice	Křimice, pošta 2
Křimice	Křimice, rozvodna
Letkov	Letkov
Lhota	Lhota
Lhota	Lhota, náves
Litice	Litice, U školy
Litice	Litice, Veveří
Litice	Litice, na návsi
Líně	Líně
Líně	Líně, Sulkov
Město Touškov	Město Touškov
Nová Ves	Nová Ves, náves
Plzeň	Anglické nábřeží
Plzeň	Anglické nábřeží, Pražská
Plzeň	Barvínková
Plzeň	Boettingerova
Plzeň	Bolevec
Plzeň	Bolevec, u žel. zast.
Plzeň	Bolevecká náves
Plzeň	Borská pole, Folmavská
Plzeň	Borská pole, Panasonic
Plzeň	Borská pole, Teslova
Plzeň	Bory
Plzeň	Bory, Heyrovského
Plzeň	Bory, NVÚ
Plzeň	Božkov
Plzeň	Brněnská
Plzeň	Brojova
Plzeň	Brožíkova
Plzeň	Bručná
Plzeň	Bílá Hora
Plzeň	Bílá Hora, žel. st.
Plzeň	Břeclavská
Plzeň	CAN, Husova
Plzeň	CAN, Skvrňanská
Plzeň	CAN, Tylova
Plzeň	Chaty
Plzeň	Chodské náměstí
Plzeň	Chválenická
Plzeň	Divadlo J. K. Tyla
Plzeň	Dobrovského
Plzeň	Dobrovského, Klatovská
Plzeň	Dobřanská
Plzeň	Domažlická, ČETRANS
Plzeň	Doubravka, Na dlouhých
Plzeň	Doubravka, Zábělská
Plzeň	Doudlevce ETZ
Plzeň	Dvořákova
Plzeň	Fakultní nemoc. Bory
Plzeň	Fakultní nemoc. Lochotín
Plzeň	Fialková
Plzeň	Folmavská, rondel
Plzeň	Francouzská
Plzeň	Gambrinus
Plzeň	Garáže
Plzeň	Generála Lišky
Plzeň	Gerská
Plzeň	Gigant
Plzeň	Goethova
Plzeň	Habrmannova
Plzeň	Habrmannovo náměstí
Plzeň	Hlavní nádraží ČD, Americká
Plzeň	Hlavní nádraží ČD, Sirková
Plzeň	Hlavní nádraží ČD, U Ježíška
Plzeň	Hlavní nádraží ČD, Šumavská
Plzeň	Hodonínská
Plzeň	Hokejová hala
Plzeň	Hradiště
Plzeň	Husův park
Plzeň	Hřbitovní
Plzeň	II. poliklinika
Plzeň	III. br., Domažlická
Plzeň	III. br., Vejprnická
Plzeň	IV. poliklinika
Plzeň	Internáty
Plzeň	Jateční
Plzeň	Jatky
Plzeň	Jedlová
Plzeň	Jižní předměstí
Plzeň	Jižní předměstí, Borská
Plzeň	K Prokopávce
Plzeň	K nemocnici
Plzeň	K Řečišti
Plzeň	Kalikova
Plzeň	Karlov, sedlárna
Plzeň	Karlovarská
Plzeň	Ke dráze
Plzeň	Ke Špitálskému lesu
Plzeň	Koperníkova
Plzeň	Koterov
Plzeň	Kovošrot
Plzeň	Košutka
Plzeň	Košutka, Krašovská
Plzeň	Krejčíkova
Plzeň	Křimická
Plzeň	Letkovská
Plzeň	Letná
Plzeň	Lidická
Plzeň	Liliová
Plzeň	Lobzy, Pod vrchem
Plzeň	Lodní
Plzeň	Lábkova
Plzeň	Lék. fakulta, Karlovarská
Plzeň	Lék. fakulta, Lidická
Plzeň	Lék. fakulta, Lochotín
Plzeň	Macháčkova
Plzeň	Macháčkova BUS
Plzeň	Majakovského
Plzeň	Malesice
Plzeň	Malesická
Plzeň	Malesická BUS
Plzeň	Malická
Plzeň	Malostranská
Plzeň	Malý Bolevec
Plzeň	Masarykovo náměstí
Plzeň	Mikulášská
Plzeň	Mikulášské náměstí
Plzeň	Mlýnské nábřeží
Plzeň	Mohylová
Plzeň	Morseova
Plzeň	Mozartova
Plzeň	Mrakodrap
Plzeň	Muzeum
Plzeň	NC, Folmavská
Plzeň	Na Chmelnicích
Plzeň	Na Rychtářce
Plzeň	Na dlouhých
Plzeň	Na rampě
Plzeň	Na rozcestí
Plzeň	Na samotě
Plzeň	Na spojce
Plzeň	Nad Hrádkem
Plzeň	Nad Zátiším
Plzeň	Nemocnice Privamed
Plzeň	Nová Hospoda
Plzeň	Nákupní středisko
Plzeň	Náměstí M. Horákové
Plzeň	Náměstí Míru
Plzeň	Náměstí Republiky
Plzeň	Náměstí Republiky, Dřevěná
Plzeň	Náměstí generála Píky
Plzeň	Obchodní
Plzeň	Obchodní, rondel
Plzeň	Okounová
Plzeň	Okounová BUS
Plzeň	Olšová
Plzeň	Otýlie Beníškové
Plzeň	Pampelišková
Plzeň	Petřínská
Plzeň	Pietas
Plzeň	Plzeňka
Plzeň	Pod Kyjovem
Plzeň	Pod Záhorskem
Plzeň	Pod zámečkem
Plzeň	Podhájí
Plzeň	Podnikatelská
Plzeň	Podnikatelská, Daiho
Plzeň	Podnikatelská, Vltava
Plzeň	Prokopova
Plzeň	Průmyslová
Plzeň	Radobyčice, Dlážděná
Plzeň	Radobyčice, Podhájí
Plzeň	Radobyčice, Sportovní
Plzeň	Radčice
Plzeň	Radčice, náves
Plzeň	Rolnické náměstí
Plzeň	Rondel
Plzeň	Révová
Plzeň	SPŠD a S
Plzeň	Sady Pětatřicátníků
Plzeň	Samaritská
Plzeň	Severka
Plzeň	Severka BUS
Plzeň	Skautská
Plzeň	Skvrňany, sídliště
Plzeň	Skvrňany, Škoda VII.b.
Plzeň	Sladkovského
Plzeň	Sladkovského, HOSPIC
Plzeň	Sladkovského, U Duhy
Plzeň	Sladová
Plzeň	Slovanská alej
Plzeň	Slovanské údolí
Plzeň	Slovany, n. M. Horákové
Plzeň	Slupská
Plzeň	Sokolovská
Plzeň	Sokolská
Plzeň	Solní, pošta
Plzeň	Stadion Lokomot.
Plzeň	Staré letiště
Plzeň	Stav. stroje, Rokycanská
Plzeň	Stavební podnik
Plzeň	Stavební stroje
Plzeň	Studentská
Plzeň	Studentská, Komenského
Plzeň	Sukova
Plzeň	Sulislavská
Plzeň	Světovar
Plzeň	Světovar BUS
Plzeň	Světovar, Jasmínová
Plzeň	Tleskačova
Plzeň	Tomanova
Plzeň	Tylova
Plzeň	Tyršův most
Plzeň	Tyršův sad
Plzeň	Těšínská
Plzeň	U Apolla
Plzeň	U Astry
Plzeň	U Bouzků
Plzeň	U Družby
Plzeň	U Družby BUS
Plzeň	U Gery
Plzeň	U Gery, Lidická
Plzeň	U Kondrů
Plzeň	U Nové Hospody
Plzeň	U Pietasu
Plzeň	U Podhájí
Plzeň	U Prazdroje
Plzeň	U Práce, Americká
Plzeň	U Práce, Klatovská
Plzeň	U Světovaru
Plzeň	U hřbitova
Plzeň	U kasáren
Plzeň	U plynárny
Plzeň	U přehrady
Plzeň	U přejezdu
Plzeň	U teplárny
Plzeň	U teplárny BUS
Plzeň	U továrničky
Plzeň	U trati
Plzeň	Ulice 17. listopadu
Plzeň	Ulice B. Němcové
Plzeň	Ulice Družby
Plzeň	Ulice K. Steinera
Plzeň	Ulice T. Brzkové
Plzeň	Ulice U školky
Plzeň	V Ráji
Plzeň	V sadech Pětatřicátníků
Plzeň	V zahradách
Plzeň	Valcha
Plzeň	Valcha, Sulkovská
Plzeň	Valcha, nádraží
Plzeň	Valcha, u prodejny I.
Plzeň	Valcha, u prodejny II.
Plzeň	Vaníčkova
Plzeň	Ve višňovce
Plzeň	Vejprnická, Internáty
Plzeň	Vinice
Plzeň	Výstaviště
Plzeň	Zadní Roudná
Plzeň	Zadní Skvrňany
Plzeň	Zelenohorská
Plzeň	Zimní stadion
Plzeň	Zvon
Plzeň	Zábělá
Plzeň	Západočeská univerzita
Plzeň	Zátiší, Línská
Plzeň	Zátiší, U hřbitova
Plzeň	Zátiší, U panelárny
Plzeň	Újezd, Hrádecká
Plzeň	Újezd, Staroveská
Plzeň	Újezd, V brance
Plzeň	Újezd, rozcestí
Plzeň	Úněšovská, Globus
Plzeň	Ústřední hřbitov I.
Plzeň	Ústřední hřbitov II.
Plzeň	ČSAO
Plzeň	Čechurov, rozcestí
Plzeň	Černice
Plzeň	Černice, K Cihelnám
Plzeň	Černice, K Plzenci
Plzeň	Černice, U hřiště
Plzeň	Černice, k Radyni
Plzeň	Černice, nákupní zóna
Plzeň	Černice, náves
Plzeň	Červený Hrádek
Plzeň	Čisticí stanice
Plzeň	Částkova
Plzeň	Částkova, Sušická
Plzeň	Šimerova
Plzeň	Škoda JS
Plzeň	Škoda V. brána
Plzeň	Škoda VII. brána
Plzeň	Škoda VIII. brána
Plzeň	Šumavská
Plzeň	Švihovská
Smědčice	Smědčice
Starý Plzenec	Starý Plzenec
Starý Plzenec	Starý Plzenec, Bezručova
Starý Plzenec	Starý Plzenec, Malá strana
Starý Plzenec	Starý Plzenec, Nad tratí
Starý Plzenec	Starý Plzenec, Sedlec
Starý Plzenec	Starý Plzenec, Sedlec, rozc.
Starý Plzenec	Starý Plzenec, náměstí
Starý Plzenec	Starý Plzenec, u kravína
Starý Plzenec	Starý Plzenec, vilová čtvrť
Starý Plzenec	Starý Plzenec, zdrav. stř.
Starý Plzenec	Starý Plzenec, žel. st.
Třemošná	Třemošná
Třemošná	Třemošná, Orlík
Třemošná	Třemošná, ZŠ I
Vejprnice	Vejprnice
Vejprnice	Vejprnice, bytovky
Vejprnice	Vejprnice, konečná
Vochov	Vochov
Vřesová	Vřesová
Zbůch	Zbůch
Zbůch	Zbůch, Starý důl rozc.
Zruč - Senec	Zruč - Senec
Zruč - Senec	Zruč - Senec, rozc.
Zruč - Senec	Zruč - Senec, u Drudíků
Zruč - Senec	Zruč - Senec, u pomníku
Zruč - Senec	Zruč - Senec, v koutě
